
  .   ____          _            __ _ _
 /\\ / ___'_ __ _ _(_)_ __  __ _ \ \ \ \
( ( )\___ | '_ | '_| | '_ \/ _` | \ \ \ \
 \\/  ___)| |_)| | | | | || (_| |  ) ) ) )
  '  |____| .__|_| |_|_| |_\__, | / / / /
 =========|_|==============|___/=/_/_/_/

 :: Spring Boot ::               (v3.5.16)

2026-10-01T19:59:56.754+08:00  INFO 32280 --- [           main] net.tdteam.ustb.ProtocolApplication      : Starting ProtocolApplication v1.0-SNAPSHOT using Java 21.0.11 with PID 32280 (D:\AIDEAProject\TCUSTB-Protocol\build\libs\TCUSTB-Protocol-1.0-SNAPSHOT.jar started by itsjony01 in D:\AIDEAProject\TCUSTB-Protocol)
2026-10-01T19:59:56.758+08:00  INFO 32280 --- [           main] net.tdteam.ustb.ProtocolApplication      : No active profile set, falling back to 1 default profile: "default"
2026-10-01T19:59:57.739+08:00  INFO 32280 --- [           main] o.s.b.w.embedded.tomcat.TomcatWebServer  : Tomcat initialized with port 8082 (http)
2026-10-01T19:59:57.754+08:00  INFO 32280 --- [           main] o.apache.catalina.core.StandardService   : Starting service [Tomcat]
2026-10-01T19:59:57.754+08:00  INFO 32280 --- [           main] o.apache.catalina.core.StandardEngine    : Starting Servlet engine: [Apache Tomcat/10.1.55]
2026-10-01T19:59:57.787+08:00  INFO 32280 --- [           main] o.a.c.c.C.[Tomcat].[localhost].[/]       : Initializing Spring embedded WebApplicationContext
2026-10-01T19:59:57.787+08:00  INFO 32280 --- [           main] w.s.c.ServletWebServerApplicationContext : Root WebApplicationContext: initialization completed in 984 ms
2026-10-01T19:59:58.343+08:00  INFO 32280 --- [           main] o.s.b.w.embedded.tomcat.TomcatWebServer  : Tomcat started on port 8082 (http) with context path '/'
2026-10-01T19:59:58.366+08:00  INFO 32280 --- [           main] net.tdteam.ustb.ProtocolApplication      : Started ProtocolApplication in 2.032 seconds (process running for 2.477)
2026-10-01T20:00:24.569+08:00  INFO 32280 --- [nio-8082-exec-1] o.a.c.c.C.[Tomcat].[localhost].[/]       : Initializing Spring DispatcherServlet 'dispatcherServlet'
2026-10-01T20:00:24.570+08:00  INFO 32280 --- [nio-8082-exec-1] o.s.web.servlet.DispatcherServlet        : Initializing Servlet 'dispatcherServlet'
2026-10-01T20:00:24.571+08:00  INFO 32280 --- [nio-8082-exec-1] o.s.web.servlet.DispatcherServlet        : Completed initialization in 1 ms
2026-10-01T20:01:05.872+08:00  INFO 32280 --- [nio-8082-exec-8] n.t.u.a.infrastructure.SchoolSsoClient   : School academic response: path=/jsxsd/framework/main_index_loadkb.jsp, attempt=1, status=200, elapsedMs=292, bytes=5658
2026-10-01T20:01:07.281+08:00  INFO 32280 --- [nio-8082-exec-9] n.t.u.a.infrastructure.SchoolSsoClient   : School academic response: path=/jsxsd/framework/main_index_loadkb.jsp, attempt=1, status=200, elapsedMs=370, bytes=8499
2026-10-01T20:02:13.557+08:00  INFO 32280 --- [nio-8082-exec-2] n.t.u.a.infrastructure.SchoolSsoClient   : School academic response: path=/jsxsd/framework/main_index_loadkb.jsp, attempt=1, status=200, elapsedMs=345, bytes=5658
2026-10-01T20:02:15.077+08:00  INFO 32280 --- [nio-8082-exec-5] n.t.u.a.infrastructure.SchoolSsoClient   : School academic response: path=/jsxsd/kbcx/kbxx_xzb, attempt=1, status=200, elapsedMs=37, bytes=20102
2026-10-01T20:02:26.974+08:00  INFO 32280 --- [nio-8082-exec-6] n.t.u.a.infrastructure.SchoolSsoClient   : School academic response: path=/jsxsd/kbcx/kbxx_xzb_ifr, attempt=1, status=200, elapsedMs=589, bytes=17906
2026-10-01T20:04:09.355+08:00  INFO 32280 --- [nio-8082-exec-2] n.t.u.a.infrastructure.SchoolSsoClient   : School academic response: path=/jsxsd/kbcx/kbxx_xzb, attempt=1, status=200, elapsedMs=681, bytes=20102
2026-10-01T20:04:10.124+08:00  INFO 32280 --- [nio-8082-exec-4] n.t.u.a.infrastructure.SchoolSsoClient   : School academic response: path=/jsxsd/framework/main_index_loadkb.jsp, attempt=1, status=200, elapsedMs=48, bytes=5658
2026-10-01T20:13:36.573+08:00  INFO 32280 --- [nio-8082-exec-1] n.t.u.a.infrastructure.SchoolSsoClient   : School academic response: path=/jsxsd/framework/main_index_loadkb.jsp, attempt=1, status=200, elapsedMs=298, bytes=5658
2026-10-01T20:20:20.487+08:00  INFO 32280 --- [nio-8082-exec-3] n.t.u.a.infrastructure.SchoolSsoClient   : School academic response: path=/jsxsd/kbcx/kbxx_xzb, attempt=1, status=200, elapsedMs=68, bytes=20102
2026-10-01T20:28:17.365+08:00  INFO 32280 --- [nio-8082-exec-8] n.t.u.a.infrastructure.SchoolSsoClient   : School academic response: path=/jsxsd/kbcx/kbxx_xzb, attempt=1, status=200, elapsedMs=40, bytes=20102
2026-10-01T20:28:18.847+08:00  INFO 32280 --- [io-8082-exec-10] n.t.u.a.infrastructure.SchoolSsoClient   : School academic response: path=/jsxsd/framework/main_index_loadkb.jsp, attempt=1, status=200, elapsedMs=290, bytes=5658
2026-10-01T20:38:36.079+08:00  INFO 32280 --- [nio-8082-exec-1] n.t.u.a.infrastructure.SchoolSsoClient   : School academic response: path=/jsxsd/framework/main_index_loadkb.jsp, attempt=1, status=200, elapsedMs=46, bytes=5658
2026-10-01T20:38:55.599+08:00  INFO 32280 --- [nio-8082-exec-4] n.t.u.a.infrastructure.SchoolSsoClient   : School academic response: path=/jsxsd/framework/main_index_loadkb.jsp, attempt=1, status=200, elapsedMs=43, bytes=5658
2026-10-01T20:39:34.379+08:00  INFO 32280 --- [nio-8082-exec-1] n.t.u.a.infrastructure.SchoolSsoClient   : School academic response: path=/jsxsd/kbcx/kbxx_teacher, attempt=1, status=200, elapsedMs=62, bytes=26074
2026-10-01T20:39:35.059+08:00  INFO 32280 --- [nio-8082-exec-2] n.t.u.a.infrastructure.SchoolSsoClient   : School academic response: path=/jsxsd/kbcx/kbxx_teacher_ifr, attempt=1, status=200, elapsedMs=545, bytes=6325
2026-10-01T20:39:35.625+08:00  INFO 32280 --- [nio-8082-exec-4] n.t.u.a.infrastructure.SchoolSsoClient   : School academic response: path=/jsxsd/framework/main_index_loadkb.jsp, attempt=1, status=200, elapsedMs=63, bytes=5658
2026-10-01T20:39:35.773+08:00  INFO 32280 --- [nio-8082-exec-2] n.t.u.a.infrastructure.SchoolSsoClient   : School academic response: path=/jsxsd/kbcx/kbxx_teacher_ifr, attempt=1, status=200, elapsedMs=543, bytes=6325
2026-10-01T20:39:36.424+08:00  INFO 32280 --- [nio-8082-exec-2] n.t.u.a.infrastructure.SchoolSsoClient   : School academic response: path=/jsxsd/kbcx/kbxx_teacher_ifr, attempt=1, status=200, elapsedMs=639, bytes=6325
2026-10-01T20:39:36.496+08:00  INFO 32280 --- [nio-8082-exec-2] n.t.u.a.infrastructure.SchoolSsoClient   : School academic response: path=/jsxsd/kbcx/kbxx_teacher_ifr, attempt=1, status=200, elapsedMs=59, bytes=6325
2026-10-01T20:39:44.293+08:00  INFO 32280 --- [nio-8082-exec-8] n.t.u.a.infrastructure.SchoolSsoClient   : School academic response: path=/jsxsd/kbcx/kbxx_teacher_ifr, attempt=1, status=200, elapsedMs=42, bytes=6325
2026-10-01T20:39:44.335+08:00  INFO 32280 --- [nio-8082-exec-8] n.t.u.a.infrastructure.SchoolSsoClient   : School academic response: path=/jsxsd/kbcx/kbxx_teacher_ifr, attempt=1, status=200, elapsedMs=35, bytes=6325
2026-10-01T20:39:44.374+08:00  INFO 32280 --- [nio-8082-exec-8] n.t.u.a.infrastructure.SchoolSsoClient   : School academic response: path=/jsxsd/kbcx/kbxx_teacher_ifr, attempt=1, status=200, elapsedMs=35, bytes=6325
2026-10-01T20:39:44.431+08:00  INFO 32280 --- [nio-8082-exec-8] n.t.u.a.infrastructure.SchoolSsoClient   : School academic response: path=/jsxsd/kbcx/kbxx_teacher_ifr, attempt=1, status=200, elapsedMs=51, bytes=6325
2026-10-01T20:40:44.961+08:00  INFO 32280 --- [nio-8082-exec-5] n.t.u.a.infrastructure.SchoolSsoClient   : School academic response: path=/jsxsd/framework/main_index_loadkb.jsp, attempt=1, status=200, elapsedMs=322, bytes=5658
2026-10-01T20:40:46.027+08:00  INFO 32280 --- [nio-8082-exec-6] n.t.u.a.infrastructure.SchoolSsoClient   : School academic response: path=/jsxsd/framework/main_index_loadkb.jsp, attempt=1, status=200, elapsedMs=295, bytes=5658
2026-10-01T20:40:48.554+08:00  INFO 32280 --- [nio-8082-exec-9] n.t.u.a.infrastructure.SchoolSsoClient   : School academic response: path=/jsxsd/framework/main_index_loadkb.jsp, attempt=1, status=200, elapsedMs=303, bytes=5658
2026-10-01T20:40:49.635+08:00  INFO 32280 --- [nio-8082-exec-1] n.t.u.a.infrastructure.SchoolSsoClient   : School academic response: path=/jsxsd/framework/main_index_loadkb.jsp, attempt=1, status=200, elapsedMs=294, bytes=5658
2026-10-01T20:40:54.224+08:00  INFO 32280 --- [nio-8082-exec-4] n.t.u.a.infrastructure.SchoolSsoClient   : School academic response: path=/jsxsd/framework/main_index_loadkb.jsp, attempt=1, status=200, elapsedMs=295, bytes=5658
2026-10-01T20:40:55.236+08:00  INFO 32280 --- [nio-8082-exec-2] n.t.u.a.infrastructure.SchoolSsoClient   : School academic response: path=/jsxsd/framework/main_index_loadkb.jsp, attempt=1, status=200, elapsedMs=291, bytes=5658
2026-10-01T20:41:39.214+08:00  INFO 32280 --- [nio-8082-exec-9] n.t.u.a.infrastructure.SchoolSsoClient   : School academic response: path=/jsxsd/framework/main_index_loadkb.jsp, attempt=1, status=200, elapsedMs=319, bytes=5658
2026-10-01T20:52:09.098+08:00  INFO 32280 --- [nio-8082-exec-7] n.t.u.a.infrastructure.SchoolSsoClient   : School academic response: path=/jsxsd/framework/main_index_loadkb.jsp, attempt=1, status=200, elapsedMs=299, bytes=5658
2026-10-01T20:52:10.590+08:00  INFO 32280 --- [nio-8082-exec-9] n.t.u.a.infrastructure.SchoolSsoClient   : School academic response: path=/jsxsd/framework/main_index_loadkb.jsp, attempt=1, status=200, elapsedMs=293, bytes=5658
2026-10-01T21:02:40.899+08:00  INFO 32280 --- [nio-8082-exec-2] n.t.u.a.infrastructure.SchoolSsoClient   : School academic response: path=/jsxsd/framework/main_index_loadkb.jsp, attempt=1, status=200, elapsedMs=295, bytes=5658
2026-10-01T21:02:42.750+08:00  INFO 32280 --- [nio-8082-exec-7] n.t.u.a.infrastructure.SchoolSsoClient   : School academic response: path=/jsxsd/framework/main_index_loadkb.jsp, attempt=1, status=200, elapsedMs=296, bytes=5658
2026-10-01T21:02:43.618+08:00  INFO 32280 --- [nio-8082-exec-9] n.t.u.a.infrastructure.SchoolSsoClient   : School academic response: path=/jsxsd/framework/main_index_loadkb.jsp, attempt=1, status=200, elapsedMs=294, bytes=5658
2026-10-01T21:02:45.024+08:00  INFO 32280 --- [nio-8082-exec-3] n.t.u.a.infrastructure.SchoolSsoClient   : School academic response: path=/jsxsd/kbcx/kbxx_xzb, attempt=1, status=200, elapsedMs=45, bytes=20102
2026-10-01T21:02:46.649+08:00  INFO 32280 --- [nio-8082-exec-5] n.t.u.a.infrastructure.SchoolSsoClient   : School academic response: path=/jsxsd/kbcx/kbxx_teacher, attempt=1, status=200, elapsedMs=43, bytes=26074
2026-10-01T21:02:47.220+08:00  INFO 32280 --- [nio-8082-exec-2] n.t.u.a.infrastructure.SchoolSsoClient   : School academic response: path=/jsxsd/kbcx/kbxx_teacher_ifr, attempt=1, status=200, elapsedMs=539, bytes=6325
2026-10-01T21:02:47.764+08:00  INFO 32280 --- [nio-8082-exec-2] n.t.u.a.infrastructure.SchoolSsoClient   : School academic response: path=/jsxsd/kbcx/kbxx_teacher_ifr, attempt=1, status=200, elapsedMs=539, bytes=6325
2026-10-01T21:02:48.307+08:00  INFO 32280 --- [nio-8082-exec-2] n.t.u.a.infrastructure.SchoolSsoClient   : School academic response: path=/jsxsd/kbcx/kbxx_teacher_ifr, attempt=1, status=200, elapsedMs=541, bytes=6325
2026-10-01T21:02:48.358+08:00  INFO 32280 --- [nio-8082-exec-2] n.t.u.a.infrastructure.SchoolSsoClient   : School academic response: path=/jsxsd/kbcx/kbxx_teacher_ifr, attempt=1, status=200, elapsedMs=48, bytes=6325
2026-10-01T21:02:57.502+08:00  INFO 32280 --- [io-8082-exec-10] n.t.u.a.infrastructure.SchoolSsoClient   : School academic response: path=/jsxsd/framework/main_index_loadkb.jsp, attempt=1, status=200, elapsedMs=295, bytes=5658
2026-10-01T21:03:53.412+08:00  INFO 32280 --- [nio-8082-exec-4] n.t.u.a.infrastructure.SchoolSsoClient   : School academic response: path=/jsxsd/framework/main_index_loadkb.jsp, attempt=1, status=200, elapsedMs=345, bytes=5658
2026-10-01T21:04:00.029+08:00  INFO 32280 --- [nio-8082-exec-5] n.t.u.a.infrastructure.SchoolSsoClient   : School academic response: path=/jsxsd/framework/main_index_loadkb.jsp, attempt=1, status=200, elapsedMs=3851, bytes=8499
2026-10-01T21:04:11.049+08:00  INFO 32280 --- [nio-8082-exec-6] n.t.u.a.infrastructure.SchoolSsoClient   : School academic response: path=/jsxsd/framework/main_index_loadkb.jsp, attempt=1, status=200, elapsedMs=302, bytes=5658
2026-10-01T21:04:12.990+08:00  INFO 32280 --- [nio-8082-exec-8] n.t.u.a.infrastructure.SchoolSsoClient   : School academic response: path=/jsxsd/framework/main_index_loadkb.jsp, attempt=1, status=200, elapsedMs=293, bytes=5658
2026-10-01T21:04:14.730+08:00  INFO 32280 --- [nio-8082-exec-1] n.t.u.a.infrastructure.SchoolSsoClient   : School academic response: path=/jsxsd/framework/main_index_loadkb.jsp, attempt=1, status=200, elapsedMs=293, bytes=5658
2026-10-01T21:04:22.857+08:00  INFO 32280 --- [nio-8082-exec-5] n.t.u.a.infrastructure.SchoolSsoClient   : School academic response: path=/jsxsd/framework/main_index_loadkb.jsp, attempt=1, status=200, elapsedMs=294, bytes=5658
2026-10-01T21:04:34.794+08:00  INFO 32280 --- [nio-8082-exec-8] n.t.u.a.infrastructure.SchoolSsoClient   : School academic response: path=/jsxsd/framework/main_index_loadkb.jsp, attempt=1, status=200, elapsedMs=296, bytes=5658
2026-10-01T21:04:40.023+08:00  INFO 32280 --- [io-8082-exec-10] n.t.u.a.infrastructure.SchoolSsoClient   : School academic response: path=/jsxsd/framework/main_index_loadkb.jsp, attempt=1, status=200, elapsedMs=303, bytes=5658
2026-10-01T21:04:41.937+08:00  INFO 32280 --- [nio-8082-exec-3] n.t.u.a.infrastructure.SchoolSsoClient   : School academic response: path=/jsxsd/framework/main_index_loadkb.jsp, attempt=1, status=200, elapsedMs=293, bytes=5658
2026-10-01T21:04:46.223+08:00  INFO 32280 --- [nio-8082-exec-5] n.t.u.a.infrastructure.SchoolSsoClient   : School academic response: path=/jsxsd/framework/main_index_loadkb.jsp, attempt=1, status=200, elapsedMs=292, bytes=5658
2026-10-01T21:04:47.348+08:00  INFO 32280 --- [nio-8082-exec-6] n.t.u.a.infrastructure.SchoolSsoClient   : School academic response: path=/jsxsd/framework/main_index_loadkb.jsp, attempt=1, status=200, elapsedMs=292, bytes=5658
2026-10-01T21:04:51.809+08:00  INFO 32280 --- [nio-8082-exec-7] n.t.u.a.infrastructure.SchoolSsoClient   : School academic response: path=/jsxsd/framework/main_index_loadkb.jsp, attempt=1, status=200, elapsedMs=3852, bytes=8499
2026-10-01T21:05:02.677+08:00  INFO 32280 --- [nio-8082-exec-8] n.t.u.a.infrastructure.SchoolSsoClient   : School academic response: path=/jsxsd/framework/main_index_loadkb.jsp, attempt=1, status=200, elapsedMs=4134, bytes=8767
2026-10-01T21:05:03.586+08:00  INFO 32280 --- [nio-8082-exec-9] n.t.u.a.infrastructure.SchoolSsoClient   : School academic response: path=/jsxsd/framework/main_index_loadkb.jsp, attempt=1, status=200, elapsedMs=61, bytes=5658
2026-10-01T21:05:12.145+08:00  INFO 32280 --- [io-8082-exec-10] n.t.u.a.infrastructure.SchoolSsoClient   : School academic response: path=/jsxsd/framework/main_index_loadkb.jsp, attempt=1, status=200, elapsedMs=3847, bytes=8499
2026-10-01T21:08:09.092+08:00  INFO 32280 --- [nio-8082-exec-6] n.t.u.a.infrastructure.SchoolSsoClient   : School academic response: path=/jsxsd/framework/main_index_loadkb.jsp, attempt=1, status=200, elapsedMs=329, bytes=5658
2026-10-01T21:08:16.870+08:00  INFO 32280 --- [nio-8082-exec-8] n.t.u.a.infrastructure.SchoolSsoClient   : School academic response: path=/jsxsd/framework/main_index_loadkb.jsp, attempt=1, status=200, elapsedMs=292, bytes=5658
2026-10-01T21:08:18.049+08:00  INFO 32280 --- [io-8082-exec-10] n.t.u.a.infrastructure.SchoolSsoClient   : School academic response: path=/jsxsd/framework/main_index_loadkb.jsp, attempt=1, status=200, elapsedMs=289, bytes=5658
2026-10-01T21:08:19.132+08:00  INFO 32280 --- [nio-8082-exec-3] n.t.u.a.infrastructure.SchoolSsoClient   : School academic response: path=/jsxsd/framework/main_index_loadkb.jsp, attempt=1, status=200, elapsedMs=291, bytes=5658
2026-10-01T21:08:20.277+08:00  INFO 32280 --- [nio-8082-exec-5] n.t.u.a.infrastructure.SchoolSsoClient   : School academic response: path=/jsxsd/framework/main_index_loadkb.jsp, attempt=1, status=200, elapsedMs=292, bytes=5658
2026-10-01T21:08:21.200+08:00  INFO 32280 --- [nio-8082-exec-6] n.t.u.a.infrastructure.SchoolSsoClient   : School academic response: path=/jsxsd/framework/main_index_loadkb.jsp, attempt=1, status=200, elapsedMs=297, bytes=5658
2026-10-01T21:08:22.285+08:00  INFO 32280 --- [nio-8082-exec-9] n.t.u.a.infrastructure.SchoolSsoClient   : School academic response: path=/jsxsd/framework/main_index_loadkb.jsp, attempt=1, status=200, elapsedMs=292, bytes=5658
2026-10-01T21:08:23.652+08:00  INFO 32280 --- [io-8082-exec-10] n.t.u.a.infrastructure.SchoolSsoClient   : School academic response: path=/jsxsd/framework/main_index_loadkb.jsp, attempt=1, status=200, elapsedMs=291, bytes=5658
2026-10-01T21:08:26.102+08:00  INFO 32280 --- [nio-8082-exec-3] n.t.u.a.infrastructure.SchoolSsoClient   : School academic response: path=/jsxsd/framework/main_index_loadkb.jsp, attempt=1, status=200, elapsedMs=300, bytes=5658
2026-10-01T21:08:31.969+08:00  INFO 32280 --- [nio-8082-exec-5] n.t.u.a.infrastructure.SchoolSsoClient   : School academic response: path=/jsxsd/framework/main_index_loadkb.jsp, attempt=1, status=200, elapsedMs=295, bytes=5658
2026-10-01T21:16:43.629+08:00  INFO 32280 --- [nio-8082-exec-3] n.t.u.a.infrastructure.SchoolSsoClient   : School academic response: path=/jsxsd/framework/main_index_loadkb.jsp, attempt=1, status=200, elapsedMs=290, bytes=5658
2026-10-01T21:16:48.579+08:00  INFO 32280 --- [nio-8082-exec-5] n.t.u.a.infrastructure.SchoolSsoClient   : School academic response: path=/jsxsd/framework/main_index_loadkb.jsp, attempt=1, status=200, elapsedMs=295, bytes=5658
2026-10-01T21:16:54.244+08:00  INFO 32280 --- [nio-8082-exec-7] n.t.u.a.infrastructure.SchoolSsoClient   : School academic response: path=/jsxsd/framework/main_index_loadkb.jsp, attempt=1, status=200, elapsedMs=288, bytes=5658
2026-10-01T21:16:55.376+08:00  INFO 32280 --- [nio-8082-exec-8] n.t.u.a.infrastructure.SchoolSsoClient   : School academic response: path=/jsxsd/framework/main_index_loadkb.jsp, attempt=1, status=200, elapsedMs=296, bytes=5658
2026-10-01T21:16:56.161+08:00  INFO 32280 --- [nio-8082-exec-1] n.t.u.a.infrastructure.SchoolSsoClient   : School academic response: path=/jsxsd/framework/main_index_loadkb.jsp, attempt=1, status=200, elapsedMs=288, bytes=5658
2026-10-01T21:17:22.335+08:00  INFO 32280 --- [nio-8082-exec-4] n.t.u.a.infrastructure.SchoolSsoClient   : School academic response: path=/jsxsd/framework/main_index_loadkb.jsp, attempt=1, status=200, elapsedMs=307, bytes=5658
2026-10-01T21:22:21.549+08:00  INFO 32280 --- [io-8082-exec-10] n.t.u.a.infrastructure.SchoolSsoClient   : School academic response: path=/jsxsd/framework/main_index_loadkb.jsp, attempt=1, status=200, elapsedMs=301, bytes=5658
2026-10-01T21:22:23.342+08:00  INFO 32280 --- [nio-8082-exec-1] n.t.u.a.infrastructure.SchoolSsoClient   : School academic response: path=/jsxsd/framework/main_index_loadkb.jsp, attempt=1, status=200, elapsedMs=292, bytes=5658
2026-10-01T21:22:47.749+08:00  INFO 32280 --- [nio-8082-exec-7] n.t.u.a.infrastructure.SchoolSsoClient   : School academic response: path=/jsxsd/framework/main_index_loadkb.jsp, attempt=1, status=200, elapsedMs=50, bytes=5658
2026-10-01T21:22:49.204+08:00  INFO 32280 --- [io-8082-exec-10] n.t.u.a.infrastructure.SchoolSsoClient   : School academic response: path=/jsxsd/framework/main_index_loadkb.jsp, attempt=1, status=200, elapsedMs=48, bytes=5658
2026-10-01T21:22:56.782+08:00  INFO 32280 --- [nio-8082-exec-1] n.t.u.a.infrastructure.SchoolSsoClient   : School academic response: path=/jsxsd/framework/main_index_loadkb.jsp, attempt=1, status=200, elapsedMs=51, bytes=5658
2026-10-01T21:22:57.967+08:00  INFO 32280 --- [nio-8082-exec-4] n.t.u.a.infrastructure.SchoolSsoClient   : School academic response: path=/jsxsd/framework/main_index_loadkb.jsp, attempt=1, status=200, elapsedMs=51, bytes=5658
2026-10-01T21:22:59.516+08:00  INFO 32280 --- [nio-8082-exec-5] n.t.u.a.infrastructure.SchoolSsoClient   : School academic response: path=/jsxsd/framework/main_index_loadkb.jsp, attempt=1, status=200, elapsedMs=132, bytes=8499
2026-10-01T21:23:02.613+08:00  INFO 32280 --- [nio-8082-exec-6] n.t.u.a.infrastructure.SchoolSsoClient   : School academic response: path=/jsxsd/framework/main_index_loadkb.jsp, attempt=1, status=200, elapsedMs=56, bytes=5658
2026-10-01T21:23:04.626+08:00  INFO 32280 --- [nio-8082-exec-7] n.t.u.a.infrastructure.SchoolSsoClient   : School academic response: path=/jsxsd/framework/main_index_loadkb.jsp, attempt=1, status=200, elapsedMs=135, bytes=8499
2026-10-01T21:23:14.607+08:00  INFO 32280 --- [nio-8082-exec-8] n.t.u.a.infrastructure.SchoolSsoClient   : School academic response: path=/jsxsd/kbcx/kbxx_teacher, attempt=1, status=200, elapsedMs=49, bytes=26074
2026-10-01T21:23:14.665+08:00  INFO 32280 --- [nio-8082-exec-1] n.t.u.a.infrastructure.SchoolSsoClient   : School academic response: path=/jsxsd/kbcx/kbxx_teacher_ifr, attempt=1, status=200, elapsedMs=42, bytes=6325
2026-10-01T21:23:14.708+08:00  INFO 32280 --- [nio-8082-exec-1] n.t.u.a.infrastructure.SchoolSsoClient   : School academic response: path=/jsxsd/kbcx/kbxx_teacher_ifr, attempt=1, status=200, elapsedMs=38, bytes=6325
2026-10-01T21:23:14.748+08:00  INFO 32280 --- [nio-8082-exec-1] n.t.u.a.infrastructure.SchoolSsoClient   : School academic response: path=/jsxsd/kbcx/kbxx_teacher_ifr, attempt=1, status=200, elapsedMs=35, bytes=6325
2026-10-01T21:23:14.804+08:00  INFO 32280 --- [nio-8082-exec-1] n.t.u.a.infrastructure.SchoolSsoClient   : School academic response: path=/jsxsd/kbcx/kbxx_teacher_ifr, attempt=1, status=200, elapsedMs=54, bytes=6325
2026-10-01T21:23:17.400+08:00  INFO 32280 --- [nio-8082-exec-5] n.t.u.a.infrastructure.SchoolSsoClient   : School academic response: path=/jsxsd/kbcx/kbxx_teacher_ifr, attempt=1, status=200, elapsedMs=44, bytes=6325
2026-10-01T21:23:17.443+08:00  INFO 32280 --- [nio-8082-exec-5] n.t.u.a.infrastructure.SchoolSsoClient   : School academic response: path=/jsxsd/kbcx/kbxx_teacher_ifr, attempt=1, status=200, elapsedMs=38, bytes=6325
2026-10-01T21:23:17.486+08:00  INFO 32280 --- [nio-8082-exec-5] n.t.u.a.infrastructure.SchoolSsoClient   : School academic response: path=/jsxsd/kbcx/kbxx_teacher_ifr, attempt=1, status=200, elapsedMs=37, bytes=6325
2026-10-01T21:23:17.543+08:00  INFO 32280 --- [nio-8082-exec-5] n.t.u.a.infrastructure.SchoolSsoClient   : School academic response: path=/jsxsd/kbcx/kbxx_teacher_ifr, attempt=1, status=200, elapsedMs=55, bytes=6325
2026-10-01T21:23:18.738+08:00  INFO 32280 --- [nio-8082-exec-6] n.t.u.a.infrastructure.SchoolSsoClient   : School academic response: path=/jsxsd/framework/main_index_loadkb.jsp, attempt=1, status=200, elapsedMs=46, bytes=5658
2026-10-01T21:23:20.030+08:00  INFO 32280 --- [nio-8082-exec-9] n.t.u.a.infrastructure.SchoolSsoClient   : School academic response: path=/jsxsd/framework/main_index_loadkb.jsp, attempt=1, status=200, elapsedMs=51, bytes=5658
2026-10-01T21:23:21.467+08:00  INFO 32280 --- [nio-8082-exec-8] n.t.u.a.infrastructure.SchoolSsoClient   : School academic response: path=/jsxsd/framework/main_index_loadkb.jsp, attempt=1, status=200, elapsedMs=68, bytes=5658
2026-10-01T21:23:22.522+08:00  INFO 32280 --- [nio-8082-exec-4] n.t.u.a.infrastructure.SchoolSsoClient   : School academic response: path=/jsxsd/kbcx/kbxx_xzb, attempt=1, status=200, elapsedMs=43, bytes=20102
2026-10-01T21:24:51.537+08:00  INFO 32280 --- [io-8082-exec-10] n.t.u.a.infrastructure.SchoolSsoClient   : School academic response: path=/jsxsd/kbcx/kbxx_xzb_ifr, attempt=1, status=200, elapsedMs=124, bytes=15710
2026-10-01T21:24:52.302+08:00  INFO 32280 --- [nio-8082-exec-8] n.t.u.a.infrastructure.SchoolSsoClient   : School academic response: path=/jsxsd/kbcx/kbxx_xzb_ifr, attempt=1, status=200, elapsedMs=80, bytes=15710
2026-10-01T21:24:53.729+08:00  INFO 32280 --- [nio-8082-exec-1] n.t.u.a.infrastructure.SchoolSsoClient   : School academic response: path=/jsxsd/kbcx/kbxx_xzb_ifr, attempt=1, status=200, elapsedMs=83, bytes=15710
2026-10-01T21:25:04.147+08:00  INFO 32280 --- [nio-8082-exec-4] n.t.u.a.infrastructure.SchoolSsoClient   : School academic response: path=/jsxsd/framework/main_index_loadkb.jsp, attempt=1, status=200, elapsedMs=298, bytes=5658
2026-10-01T21:25:08.757+08:00  INFO 32280 --- [nio-8082-exec-5] n.t.u.a.infrastructure.SchoolSsoClient   : School academic response: path=/jsxsd/framework/main_index_loadkb.jsp, attempt=1, status=200, elapsedMs=3842, bytes=8499
2026-10-01T22:04:44.318+08:00  INFO 32280 --- [nio-8082-exec-9] n.t.u.a.infrastructure.SchoolSsoClient   : School academic response: path=/jsxsd/framework/main_index_loadkb.jsp, attempt=1, status=200, elapsedMs=287, bytes=5658
2026-10-01T22:04:47.032+08:00  INFO 32280 --- [nio-8082-exec-8] n.t.u.a.infrastructure.SchoolSsoClient   : School academic response: path=/jsxsd/framework/main_index_loadkb.jsp, attempt=1, status=200, elapsedMs=288, bytes=5658
2026-10-01T22:04:48.247+08:00  INFO 32280 --- [nio-8082-exec-3] n.t.u.a.infrastructure.SchoolSsoClient   : School academic response: path=/jsxsd/framework/main_index_loadkb.jsp, attempt=1, status=200, elapsedMs=288, bytes=5658
2026-10-01T22:04:50.793+08:00  INFO 32280 --- [nio-8082-exec-2] n.t.u.a.infrastructure.SchoolSsoClient   : School academic response: path=/jsxsd/framework/main_index_loadkb.jsp, attempt=1, status=200, elapsedMs=290, bytes=5658
2026-10-01T22:04:51.965+08:00  INFO 32280 --- [nio-8082-exec-7] n.t.u.a.infrastructure.SchoolSsoClient   : School academic response: path=/jsxsd/kbcx/kbxx_teacher, attempt=1, status=200, elapsedMs=47, bytes=26074
2026-10-01T22:04:52.602+08:00  INFO 32280 --- [nio-8082-exec-9] n.t.u.a.infrastructure.SchoolSsoClient   : School academic response: path=/jsxsd/kbcx/kbxx_teacher_ifr, attempt=1, status=200, elapsedMs=537, bytes=6325
2026-10-01T22:04:53.200+08:00  INFO 32280 --- [nio-8082-exec-9] n.t.u.a.infrastructure.SchoolSsoClient   : School academic response: path=/jsxsd/kbcx/kbxx_teacher_ifr, attempt=1, status=200, elapsedMs=540, bytes=6325
2026-10-01T22:04:53.755+08:00  INFO 32280 --- [nio-8082-exec-9] n.t.u.a.infrastructure.SchoolSsoClient   : School academic response: path=/jsxsd/kbcx/kbxx_teacher_ifr, attempt=1, status=200, elapsedMs=546, bytes=6325
2026-10-01T22:04:53.814+08:00  INFO 32280 --- [nio-8082-exec-9] n.t.u.a.infrastructure.SchoolSsoClient   : School academic response: path=/jsxsd/kbcx/kbxx_teacher_ifr, attempt=1, status=200, elapsedMs=49, bytes=6325
2026-10-01T22:04:56.672+08:00  INFO 32280 --- [nio-8082-exec-3] n.t.u.a.infrastructure.SchoolSsoClient   : School academic response: path=/jsxsd/kbcx/kbxx_xzb, attempt=1, status=200, elapsedMs=38, bytes=20102
2026-10-01T22:05:13.289+08:00  INFO 32280 --- [nio-8082-exec-4] n.t.u.a.infrastructure.SchoolSsoClient   : School academic response: path=/jsxsd/kbcx/kbxx_xzb_ifr, attempt=1, status=200, elapsedMs=609, bytes=24513
2026-10-01T22:06:11.509+08:00  INFO 32280 --- [nio-8082-exec-7] n.t.u.a.infrastructure.SchoolSsoClient   : School academic response: path=/jsxsd/kbcx/kbxx_xzb, attempt=1, status=200, elapsedMs=74, bytes=20102
2026-10-01T22:06:14.908+08:00  INFO 32280 --- [io-8082-exec-10] n.t.u.a.infrastructure.SchoolSsoClient   : School academic response: path=/jsxsd/framework/main_index_loadkb.jsp, attempt=1, status=200, elapsedMs=39, bytes=5658
2026-10-01T22:06:20.217+08:00  INFO 32280 --- [nio-8082-exec-7] n.t.u.a.infrastructure.SchoolSsoClient   : School academic response: path=/jsxsd/framework/main_index_loadkb.jsp, attempt=1, status=200, elapsedMs=43, bytes=5658
2026-10-01T22:07:40.000+08:00  INFO 32280 --- [nio-8082-exec-1] n.t.u.a.infrastructure.SchoolSsoClient   : School academic response: path=/jsxsd/kbcx/kbxx_xzb, attempt=1, status=200, elapsedMs=63, bytes=20102
2026-10-01T22:07:48.807+08:00  INFO 32280 --- [nio-8082-exec-3] n.t.u.a.infrastructure.SchoolSsoClient   : School academic response: path=/jsxsd/kbcx/kbxx_xzb_ifr, attempt=1, status=200, elapsedMs=90, bytes=15504
2026-10-01T22:08:01.325+08:00  INFO 32280 --- [nio-8082-exec-5] n.t.u.a.infrastructure.SchoolSsoClient   : School academic response: path=/jsxsd/framework/main_index_loadkb.jsp, attempt=1, status=200, elapsedMs=293, bytes=5658
2026-10-01T22:08:02.948+08:00  INFO 32280 --- [nio-8082-exec-2] n.t.u.a.infrastructure.SchoolSsoClient   : School academic response: path=/jsxsd/framework/main_index_loadkb.jsp, attempt=1, status=200, elapsedMs=370, bytes=8499
2026-10-01T22:34:41.171+08:00  INFO 32280 --- [nio-8082-exec-8] n.t.u.a.infrastructure.SchoolSsoClient   : School academic response: path=/jsxsd/kbcx/kbxx_xzb, attempt=1, status=200, elapsedMs=54, bytes=166
2026-10-01T22:34:41.171+08:00  WARN 32280 --- [nio-8082-exec-8] n.t.u.a.infrastructure.SchoolSsoClient   : School academic failure: path=/jsxsd/kbcx/kbxx_xzb, attempt=1, code=SCHOOL_SESSION_UNVERIFIED, elapsedMs=55
2026-10-01T22:35:16.410+08:00  INFO 32280 --- [nio-8082-exec-8] n.t.u.a.infrastructure.SchoolSsoClient   : School academic response: path=/jsxsd/kbcx/kbxx_xzb, attempt=1, status=200, elapsedMs=40, bytes=20102
2026-10-01T22:35:18.329+08:00  INFO 32280 --- [nio-8082-exec-3] n.t.u.a.infrastructure.SchoolSsoClient   : School academic response: path=/jsxsd/framework/main_index_loadkb.jsp, attempt=1, status=200, elapsedMs=67, bytes=5658
2026-10-01T22:35:22.926+08:00  INFO 32280 --- [nio-8082-exec-1] n.t.u.a.infrastructure.SchoolSsoClient   : School academic response: path=/jsxsd/kbcx/kbxx_xzb_ifr, attempt=1, status=200, elapsedMs=4663, bytes=25316
2026-10-01T22:35:30.485+08:00  INFO 32280 --- [nio-8082-exec-4] n.t.u.a.infrastructure.SchoolSsoClient   : School academic response: path=/jsxsd/framework/main_index_loadkb.jsp, attempt=1, status=200, elapsedMs=3889, bytes=8499
2026-10-01T22:37:44.460+08:00  INFO 32280 --- [nio-8082-exec-5] n.t.u.a.infrastructure.SchoolSsoClient   : School academic response: path=/jsxsd/kbcx/kbxx_xzb_ifr, attempt=1, status=200, elapsedMs=103, bytes=11920
2026-10-01T22:37:48.242+08:00  INFO 32280 --- [nio-8082-exec-2] n.t.u.a.infrastructure.SchoolSsoClient   : School academic response: path=/jsxsd/framework/main_index_loadkb.jsp, attempt=1, status=200, elapsedMs=3885, bytes=8499
2026-10-01T22:37:54.932+08:00  INFO 32280 --- [nio-8082-exec-6] n.t.u.a.infrastructure.SchoolSsoClient   : School academic response: path=/jsxsd/kbcx/kbxx_xzb_ifr, attempt=1, status=200, elapsedMs=2305, bytes=15579
2026-10-01T22:37:58.322+08:00  INFO 32280 --- [nio-8082-exec-7] n.t.u.a.infrastructure.SchoolSsoClient   : School academic response: path=/jsxsd/kbcx/kbxx_xzb_ifr, attempt=1, status=200, elapsedMs=312, bytes=11920
2026-10-01T22:38:04.217+08:00  INFO 32280 --- [nio-8082-exec-9] n.t.u.a.infrastructure.SchoolSsoClient   : School academic response: path=/jsxsd/framework/main_index_loadkb.jsp, attempt=1, status=200, elapsedMs=4124, bytes=8767
2026-10-01T22:38:18.304+08:00  INFO 32280 --- [nio-8082-exec-8] n.t.u.a.infrastructure.SchoolSsoClient   : School academic response: path=/jsxsd/kbcx/kbxx_xzb, attempt=1, status=200, elapsedMs=57, bytes=20102
2026-10-01T22:39:56.389+08:00  INFO 32280 --- [nio-8082-exec-6] n.t.u.a.infrastructure.SchoolSsoClient   : School academic response: path=/jsxsd/kbcx/kbxx_xzb, attempt=1, status=200, elapsedMs=68, bytes=20102
2026-10-01T22:40:34.257+08:00  INFO 32280 --- [nio-8082-exec-7] n.t.u.a.infrastructure.SchoolSsoClient   : School academic response: path=/jsxsd/kbcx/kbxx_xzb_ifr, attempt=1, status=200, elapsedMs=134, bytes=25316
2026-10-01T22:40:34.444+08:00  INFO 32280 --- [nio-8082-exec-9] n.t.u.a.infrastructure.SchoolSsoClient   : School academic response: path=/jsxsd/framework/main_index_loadkb.jsp, attempt=1, status=200, elapsedMs=319, bytes=5658
2026-10-01T22:40:43.932+08:00  INFO 32280 --- [nio-8082-exec-1] n.t.u.a.infrastructure.SchoolSsoClient   : School academic response: path=/jsxsd/framework/main_index_loadkb.jsp, attempt=1, status=200, elapsedMs=48, bytes=5658
2026-10-01T22:40:48.516+08:00  INFO 32280 --- [nio-8082-exec-3] n.t.u.a.infrastructure.SchoolSsoClient   : School academic response: path=/jsxsd/kbcx/kbxx_xzb_ifr, attempt=1, status=200, elapsedMs=4631, bytes=25316
2026-10-01T22:41:41.763+08:00  INFO 32280 --- [nio-8082-exec-6] n.t.u.a.infrastructure.SchoolSsoClient   : School academic response: path=/jsxsd/framework/main_index_loadkb.jsp, attempt=1, status=200, elapsedMs=44, bytes=5658
2026-10-01T22:41:46.897+08:00  INFO 32280 --- [nio-8082-exec-9] n.t.u.a.infrastructure.SchoolSsoClient   : School academic response: path=/jsxsd/kbcx/kbxx_teacher, attempt=1, status=200, elapsedMs=58, bytes=26074
2026-10-01T22:41:46.963+08:00  INFO 32280 --- [io-8082-exec-10] n.t.u.a.infrastructure.SchoolSsoClient   : School academic response: path=/jsxsd/kbcx/kbxx_teacher_ifr, attempt=1, status=200, elapsedMs=47, bytes=6325
2026-10-01T22:41:47.245+08:00  INFO 32280 --- [io-8082-exec-10] n.t.u.a.infrastructure.SchoolSsoClient   : School academic response: path=/jsxsd/kbcx/kbxx_teacher_ifr, attempt=1, status=200, elapsedMs=53, bytes=6325
2026-10-01T22:41:47.289+08:00  INFO 32280 --- [io-8082-exec-10] n.t.u.a.infrastructure.SchoolSsoClient   : School academic response: path=/jsxsd/kbcx/kbxx_teacher_ifr, attempt=1, status=200, elapsedMs=41, bytes=6325
2026-10-01T22:41:47.352+08:00  INFO 32280 --- [io-8082-exec-10] n.t.u.a.infrastructure.SchoolSsoClient   : School academic response: path=/jsxsd/kbcx/kbxx_teacher_ifr, attempt=1, status=200, elapsedMs=61, bytes=6325
2026-10-01T22:41:50.343+08:00  INFO 32280 --- [nio-8082-exec-3] n.t.u.a.infrastructure.SchoolSsoClient   : School academic response: path=/jsxsd/kbcx/kbxx_xzb, attempt=1, status=200, elapsedMs=38, bytes=20102
2026-10-01T22:42:21.529+08:00  INFO 32280 --- [nio-8082-exec-9] n.t.u.a.infrastructure.SchoolSsoClient   : School academic response: path=/jsxsd/kbcx/kbxx_xzb, attempt=1, status=200, elapsedMs=39, bytes=20102
2026-10-01T22:42:23.906+08:00  INFO 32280 --- [nio-8082-exec-8] n.t.u.a.infrastructure.SchoolSsoClient   : School academic response: path=/jsxsd/framework/main_index_loadkb.jsp, attempt=1, status=200, elapsedMs=303, bytes=5658
2026-10-01T22:42:27.782+08:00  INFO 32280 --- [io-8082-exec-10] n.t.u.a.infrastructure.SchoolSsoClient   : School academic response: path=/jsxsd/kbcx/kbxx_xzb_ifr, attempt=1, status=200, elapsedMs=4179, bytes=25316
2026-10-01T22:42:35.739+08:00  INFO 32280 --- [nio-8082-exec-1] n.t.u.a.infrastructure.SchoolSsoClient   : School academic response: path=/jsxsd/framework/main_index_loadkb.jsp, attempt=1, status=200, elapsedMs=3633, bytes=8499
2026-10-01T22:43:05.080+08:00  INFO 32280 --- [nio-8082-exec-6] n.t.u.a.infrastructure.SchoolSsoClient   : School academic response: path=/jsxsd/kbcx/kbxx_teacher, attempt=1, status=200, elapsedMs=75, bytes=26074
2026-10-01T22:43:05.241+08:00  INFO 32280 --- [nio-8082-exec-7] n.t.u.a.infrastructure.SchoolSsoClient   : School academic response: path=/jsxsd/kbcx/kbxx_teacher_ifr, attempt=1, status=200, elapsedMs=42, bytes=6325
2026-10-01T22:43:05.285+08:00  INFO 32280 --- [nio-8082-exec-7] n.t.u.a.infrastructure.SchoolSsoClient   : School academic response: path=/jsxsd/kbcx/kbxx_teacher_ifr, attempt=1, status=200, elapsedMs=38, bytes=6325
2026-10-01T22:43:05.331+08:00  INFO 32280 --- [nio-8082-exec-7] n.t.u.a.infrastructure.SchoolSsoClient   : School academic response: path=/jsxsd/kbcx/kbxx_teacher_ifr, attempt=1, status=200, elapsedMs=39, bytes=6325
2026-10-01T22:43:05.390+08:00  INFO 32280 --- [nio-8082-exec-7] n.t.u.a.infrastructure.SchoolSsoClient   : School academic response: path=/jsxsd/kbcx/kbxx_teacher_ifr, attempt=1, status=200, elapsedMs=57, bytes=6325
2026-10-01T22:43:25.539+08:00  INFO 32280 --- [nio-8082-exec-9] n.t.u.a.infrastructure.SchoolSsoClient   : School academic response: path=/jsxsd/kbcx/kbxx_teacher_ifr, attempt=1, status=200, elapsedMs=357, bytes=11974
2026-10-01T22:43:31.844+08:00  INFO 32280 --- [nio-8082-exec-8] n.t.u.a.infrastructure.SchoolSsoClient   : School academic response: path=/jsxsd/kbcx/kbxx_teacher_ifr, attempt=1, status=200, elapsedMs=558, bytes=12315
2026-10-01T22:43:32.221+08:00  INFO 32280 --- [io-8082-exec-10] n.t.u.a.infrastructure.SchoolSsoClient   : School academic response: path=/jsxsd/kbcx/kbxx_teacher_ifr, attempt=1, status=200, elapsedMs=396, bytes=11974
2026-10-01T22:43:32.864+08:00  INFO 32280 --- [nio-8082-exec-1] n.t.u.a.infrastructure.SchoolSsoClient   : School academic response: path=/jsxsd/kbcx/kbxx_teacher_ifr, attempt=1, status=200, elapsedMs=546, bytes=12315
2026-10-01T22:43:33.435+08:00  INFO 32280 --- [nio-8082-exec-3] n.t.u.a.infrastructure.SchoolSsoClient   : School academic response: path=/jsxsd/kbcx/kbxx_teacher_ifr, attempt=1, status=200, elapsedMs=541, bytes=11974
2026-10-01T22:43:39.528+08:00  INFO 32280 --- [nio-8082-exec-6] n.t.u.a.infrastructure.SchoolSsoClient   : School academic response: path=/jsxsd/kbcx/kbxx_xzb, attempt=1, status=200, elapsedMs=47, bytes=20102
2026-10-01T22:43:53.727+08:00  INFO 32280 --- [nio-8082-exec-8] n.t.u.a.infrastructure.SchoolSsoClient   : School academic response: path=/jsxsd/framework/main_index_loadkb.jsp, attempt=1, status=200, elapsedMs=48, bytes=5658
2026-10-01T22:43:54.764+08:00  INFO 32280 --- [nio-8082-exec-1] n.t.u.a.infrastructure.SchoolSsoClient   : School academic response: path=/jsxsd/framework/main_index_loadkb.jsp, attempt=1, status=200, elapsedMs=45, bytes=5658
2026-10-01T22:44:01.867+08:00  INFO 32280 --- [nio-8082-exec-3] n.t.u.a.infrastructure.SchoolSsoClient   : School academic response: path=/jsxsd/framework/main_index_loadkb.jsp, attempt=1, status=200, elapsedMs=3595, bytes=8499
2026-10-01T22:44:03.453+08:00  INFO 32280 --- [nio-8082-exec-5] n.t.u.a.infrastructure.SchoolSsoClient   : School academic response: path=/jsxsd/framework/main_index_loadkb.jsp, attempt=1, status=200, elapsedMs=47, bytes=5658
2026-10-01T22:44:04.530+08:00  INFO 32280 --- [nio-8082-exec-7] n.t.u.a.infrastructure.SchoolSsoClient   : School academic response: path=/jsxsd/kbcx/kbxx_teacher_ifr, attempt=1, status=200, elapsedMs=540, bytes=6325
2026-10-01T22:44:05.080+08:00  INFO 32280 --- [nio-8082-exec-7] n.t.u.a.infrastructure.SchoolSsoClient   : School academic response: path=/jsxsd/kbcx/kbxx_teacher_ifr, attempt=1, status=200, elapsedMs=542, bytes=6325
2026-10-01T22:44:05.626+08:00  INFO 32280 --- [nio-8082-exec-7] n.t.u.a.infrastructure.SchoolSsoClient   : School academic response: path=/jsxsd/kbcx/kbxx_teacher_ifr, attempt=1, status=200, elapsedMs=545, bytes=6325
2026-10-01T22:44:05.684+08:00  INFO 32280 --- [nio-8082-exec-7] n.t.u.a.infrastructure.SchoolSsoClient   : School academic response: path=/jsxsd/kbcx/kbxx_teacher_ifr, attempt=1, status=200, elapsedMs=55, bytes=6325
2026-10-01T22:44:19.429+08:00  INFO 32280 --- [nio-8082-exec-4] n.t.u.a.infrastructure.SchoolSsoClient   : School academic response: path=/jsxsd/kbcx/kbxx_teacher, attempt=1, status=200, elapsedMs=66, bytes=26074
2026-10-01T22:44:19.493+08:00  INFO 32280 --- [nio-8082-exec-5] n.t.u.a.infrastructure.SchoolSsoClient   : School academic response: path=/jsxsd/kbcx/kbxx_teacher_ifr, attempt=1, status=200, elapsedMs=47, bytes=6325
2026-10-01T22:44:19.542+08:00  INFO 32280 --- [nio-8082-exec-5] n.t.u.a.infrastructure.SchoolSsoClient   : School academic response: path=/jsxsd/kbcx/kbxx_teacher_ifr, attempt=1, status=200, elapsedMs=44, bytes=6325
2026-10-01T22:44:19.581+08:00  INFO 32280 --- [nio-8082-exec-5] n.t.u.a.infrastructure.SchoolSsoClient   : School academic response: path=/jsxsd/kbcx/kbxx_teacher_ifr, attempt=1, status=200, elapsedMs=37, bytes=6325
2026-10-01T22:44:19.641+08:00  INFO 32280 --- [nio-8082-exec-5] n.t.u.a.infrastructure.SchoolSsoClient   : School academic response: path=/jsxsd/kbcx/kbxx_teacher_ifr, attempt=1, status=200, elapsedMs=58, bytes=6325
2026-10-01T22:46:11.139+08:00  INFO 32280 --- [io-8082-exec-10] n.t.u.a.infrastructure.SchoolSsoClient   : School academic response: path=/jsxsd/framework/main_index_loadkb.jsp, attempt=1, status=200, elapsedMs=338, bytes=5658
2026-10-01T22:46:12.080+08:00  INFO 32280 --- [nio-8082-exec-3] n.t.u.a.infrastructure.SchoolSsoClient   : School academic response: path=/jsxsd/framework/main_index_loadkb.jsp, attempt=1, status=200, elapsedMs=291, bytes=5658
2026-10-01T22:46:14.095+08:00  INFO 32280 --- [nio-8082-exec-4] n.t.u.a.infrastructure.SchoolSsoClient   : School academic response: path=/jsxsd/framework/main_index_loadkb.jsp, attempt=1, status=200, elapsedMs=373, bytes=8499
2026-10-01T22:46:51.190+08:00  INFO 32280 --- [nio-8082-exec-6] n.t.u.a.infrastructure.SchoolSsoClient   : School academic response: path=/jsxsd/framework/main_index_loadkb.jsp, attempt=1, status=200, elapsedMs=330, bytes=5658
2026-10-01T22:46:52.171+08:00  INFO 32280 --- [nio-8082-exec-9] n.t.u.a.infrastructure.SchoolSsoClient   : School academic response: path=/jsxsd/framework/main_index_loadkb.jsp, attempt=1, status=200, elapsedMs=311, bytes=5658
2026-10-01T22:46:56.026+08:00  INFO 32280 --- [io-8082-exec-10] n.t.u.a.infrastructure.SchoolSsoClient   : School academic response: path=/jsxsd/framework/main_index_loadkb.jsp, attempt=1, status=200, elapsedMs=3841, bytes=8499
2026-10-01T22:46:57.786+08:00  INFO 32280 --- [nio-8082-exec-5] n.t.u.a.infrastructure.SchoolSsoClient   : School academic response: path=/jsxsd/framework/main_index_loadkb.jsp, attempt=1, status=200, elapsedMs=293, bytes=5658
2026-10-01T22:46:58.902+08:00  INFO 32280 --- [nio-8082-exec-7] n.t.u.a.infrastructure.SchoolSsoClient   : School academic response: path=/jsxsd/framework/main_index_loadkb.jsp, attempt=1, status=200, elapsedMs=289, bytes=5658
2026-10-01T22:46:59.811+08:00  INFO 32280 --- [nio-8082-exec-8] n.t.u.a.infrastructure.SchoolSsoClient   : School academic response: path=/jsxsd/framework/main_index_loadkb.jsp, attempt=1, status=200, elapsedMs=285, bytes=5658
2026-10-01T22:47:00.731+08:00  INFO 32280 --- [nio-8082-exec-1] n.t.u.a.infrastructure.SchoolSsoClient   : School academic response: path=/jsxsd/framework/main_index_loadkb.jsp, attempt=1, status=200, elapsedMs=292, bytes=5658
2026-10-01T22:47:35.994+08:00  INFO 32280 --- [nio-8082-exec-3] n.t.u.a.infrastructure.SchoolSsoClient   : School academic response: path=/jsxsd/framework/main_index_loadkb.jsp, attempt=1, status=200, elapsedMs=314, bytes=5658
2026-10-01T22:47:39.842+08:00  INFO 32280 --- [nio-8082-exec-5] n.t.u.a.infrastructure.SchoolSsoClient   : School academic response: path=/jsxsd/framework/main_index_loadkb.jsp, attempt=1, status=200, elapsedMs=3840, bytes=8499
2026-10-01T22:48:28.699+08:00  INFO 32280 --- [nio-8082-exec-6] n.t.u.a.infrastructure.SchoolSsoClient   : School academic response: path=/jsxsd/framework/main_index_loadkb.jsp, attempt=1, status=200, elapsedMs=323, bytes=5658
2026-10-01T22:48:32.550+08:00  INFO 32280 --- [nio-8082-exec-9] n.t.u.a.infrastructure.SchoolSsoClient   : School academic response: path=/jsxsd/framework/main_index_loadkb.jsp, attempt=1, status=200, elapsedMs=3841, bytes=8499
2026-10-01T22:49:01.754+08:00  INFO 32280 --- [nio-8082-exec-1] n.t.u.a.infrastructure.SchoolSsoClient   : School academic response: path=/jsxsd/framework/main_index_loadkb.jsp, attempt=1, status=200, elapsedMs=1563, bytes=5658
2026-10-01T22:49:04.087+08:00  INFO 32280 --- [io-8082-exec-10] n.t.u.a.infrastructure.SchoolSsoClient   : School academic response: path=/jsxsd/framework/main_index_loadkb.jsp, attempt=1, status=200, elapsedMs=503, bytes=5658
2026-10-01T22:49:08.047+08:00  INFO 32280 --- [nio-8082-exec-3] n.t.u.a.infrastructure.SchoolSsoClient   : School academic response: path=/jsxsd/framework/main_index_loadkb.jsp, attempt=1, status=200, elapsedMs=3952, bytes=8499
2026-10-01T22:50:39.093+08:00  INFO 32280 --- [nio-8082-exec-5] n.t.u.a.infrastructure.SchoolSsoClient   : School academic response: path=/jsxsd/framework/main_index_loadkb.jsp, attempt=1, status=200, elapsedMs=321, bytes=5658
2026-10-01T22:50:50.976+08:00  INFO 32280 --- [nio-8082-exec-2] n.t.u.a.infrastructure.SchoolSsoClient   : School academic response: path=/jsxsd/framework/main_index_loadkb.jsp, attempt=1, status=200, elapsedMs=295, bytes=5658
2026-10-01T22:50:52.629+08:00  INFO 32280 --- [nio-8082-exec-6] n.t.u.a.infrastructure.SchoolSsoClient   : School academic response: path=/jsxsd/kbcx/kbxx_teacher, attempt=1, status=200, elapsedMs=70, bytes=26074
2026-10-01T22:50:52.682+08:00  INFO 32280 --- [nio-8082-exec-9] n.t.u.a.infrastructure.SchoolSsoClient   : School academic response: path=/jsxsd/kbcx/kbxx_teacher_ifr, attempt=1, status=200, elapsedMs=43, bytes=6325
2026-10-01T22:50:52.731+08:00  INFO 32280 --- [nio-8082-exec-9] n.t.u.a.infrastructure.SchoolSsoClient   : School academic response: path=/jsxsd/kbcx/kbxx_teacher_ifr, attempt=1, status=200, elapsedMs=45, bytes=6325
2026-10-01T22:50:52.773+08:00  INFO 32280 --- [nio-8082-exec-9] n.t.u.a.infrastructure.SchoolSsoClient   : School academic response: path=/jsxsd/kbcx/kbxx_teacher_ifr, attempt=1, status=200, elapsedMs=40, bytes=6325
2026-10-01T22:50:52.833+08:00  INFO 32280 --- [nio-8082-exec-9] n.t.u.a.infrastructure.SchoolSsoClient   : School academic response: path=/jsxsd/kbcx/kbxx_teacher_ifr, attempt=1, status=200, elapsedMs=57, bytes=6325
2026-10-01T22:50:54.829+08:00  INFO 32280 --- [nio-8082-exec-8] n.t.u.a.infrastructure.SchoolSsoClient   : School academic response: path=/jsxsd/framework/main_index_loadkb.jsp, attempt=1, status=200, elapsedMs=3840, bytes=8499
2026-10-01T22:50:55.990+08:00  INFO 32280 --- [nio-8082-exec-1] n.t.u.a.infrastructure.SchoolSsoClient   : School academic response: path=/jsxsd/framework/main_index_loadkb.jsp, attempt=1, status=200, elapsedMs=291, bytes=5658
2026-10-01T22:50:57.358+08:00  INFO 32280 --- [nio-8082-exec-3] n.t.u.a.infrastructure.SchoolSsoClient   : School academic response: path=/jsxsd/framework/main_index_loadkb.jsp, attempt=1, status=200, elapsedMs=42, bytes=5658
2026-10-01T22:50:58.607+08:00  INFO 32280 --- [nio-8082-exec-7] n.t.u.a.infrastructure.SchoolSsoClient   : School academic response: path=/jsxsd/kbcx/kbxx_xzb, attempt=1, status=200, elapsedMs=42, bytes=20102
2026-10-01T22:50:59.838+08:00  INFO 32280 --- [io-8082-exec-10] n.t.u.a.infrastructure.SchoolSsoClient   : School academic response: path=/jsxsd/framework/main_index_loadkb.jsp, attempt=1, status=200, elapsedMs=3841, bytes=8499
2026-10-01T22:51:00.478+08:00  INFO 32280 --- [nio-8082-exec-8] n.t.u.a.infrastructure.SchoolSsoClient   : School academic response: path=/jsxsd/framework/main_index_loadkb.jsp, attempt=1, status=200, elapsedMs=40, bytes=5658
2026-10-01T22:51:00.557+08:00  INFO 32280 --- [nio-8082-exec-9] n.t.u.a.infrastructure.SchoolSsoClient   : School academic response: path=/jsxsd/kbcx/kbxx_xzb_ifr, attempt=1, status=200, elapsedMs=119, bytes=25316
2026-10-01T22:51:03.690+08:00  INFO 32280 --- [nio-8082-exec-6] n.t.u.a.infrastructure.SchoolSsoClient   : School academic response: path=/jsxsd/framework/main_index_loadkb.jsp, attempt=1, status=200, elapsedMs=3847, bytes=8499
2026-10-01T22:51:56.069+08:00  INFO 32280 --- [nio-8082-exec-5] n.t.u.a.infrastructure.SchoolSsoClient   : School academic response: path=/jsxsd/kbcx/kbxx_xzb_ifr, attempt=1, status=200, elapsedMs=132, bytes=25316
2026-10-01T22:51:56.253+08:00  INFO 32280 --- [nio-8082-exec-3] n.t.u.a.infrastructure.SchoolSsoClient   : School academic response: path=/jsxsd/framework/main_index_loadkb.jsp, attempt=1, status=200, elapsedMs=316, bytes=5658
2026-10-01T22:52:03.072+08:00  INFO 32280 --- [nio-8082-exec-2] n.t.u.a.infrastructure.SchoolSsoClient   : School academic response: path=/jsxsd/framework/main_index_loadkb.jsp, attempt=1, status=200, elapsedMs=298, bytes=5658
2026-10-01T22:52:03.958+08:00  INFO 32280 --- [nio-8082-exec-8] n.t.u.a.infrastructure.SchoolSsoClient   : School academic response: path=/jsxsd/framework/main_index_loadkb.jsp, attempt=1, status=200, elapsedMs=41, bytes=5658
2026-10-01T22:52:05.315+08:00  INFO 32280 --- [nio-8082-exec-6] n.t.u.a.infrastructure.SchoolSsoClient   : School academic response: path=/jsxsd/framework/main_index_loadkb.jsp, attempt=1, status=200, elapsedMs=44, bytes=5658
2026-10-01T22:52:06.941+08:00  INFO 32280 --- [nio-8082-exec-4] n.t.u.a.infrastructure.SchoolSsoClient   : School academic response: path=/jsxsd/framework/main_index_loadkb.jsp, attempt=1, status=200, elapsedMs=51, bytes=5658
2026-10-01T22:52:06.941+08:00  INFO 32280 --- [io-8082-exec-10] n.t.u.a.infrastructure.SchoolSsoClient   : School academic response: path=/jsxsd/framework/main_index_loadkb.jsp, attempt=1, status=200, elapsedMs=3850, bytes=8499
2026-10-01T22:52:07.112+08:00  INFO 32280 --- [nio-8082-exec-5] n.t.u.a.infrastructure.SchoolSsoClient   : School academic response: path=/jsxsd/framework/main_index_loadkb.jsp, attempt=1, status=200, elapsedMs=129, bytes=8499
2026-10-01T22:52:08.103+08:00  INFO 32280 --- [nio-8082-exec-7] n.t.u.a.infrastructure.SchoolSsoClient   : School academic response: path=/jsxsd/framework/main_index_loadkb.jsp, attempt=1, status=200, elapsedMs=44, bytes=5658
2026-10-01T22:52:12.579+08:00  INFO 32280 --- [nio-8082-exec-2] n.t.u.a.infrastructure.SchoolSsoClient   : School academic response: path=/jsxsd/framework/main_index_loadkb.jsp, attempt=1, status=200, elapsedMs=46, bytes=5658
2026-10-01T22:52:12.739+08:00  INFO 32280 --- [nio-8082-exec-9] n.t.u.a.infrastructure.SchoolSsoClient   : School academic response: path=/jsxsd/framework/main_index_loadkb.jsp, attempt=1, status=200, elapsedMs=124, bytes=8499
2026-10-01T22:52:25.624+08:00  INFO 32280 --- [nio-8082-exec-6] n.t.u.a.infrastructure.SchoolSsoClient   : School academic response: path=/jsxsd/kbcx/kbxx_teacher, attempt=1, status=200, elapsedMs=51, bytes=26074
2026-10-01T22:52:25.686+08:00  INFO 32280 --- [nio-8082-exec-1] n.t.u.a.infrastructure.SchoolSsoClient   : School academic response: path=/jsxsd/kbcx/kbxx_teacher_ifr, attempt=1, status=200, elapsedMs=40, bytes=6325
2026-10-01T22:52:25.727+08:00  INFO 32280 --- [nio-8082-exec-1] n.t.u.a.infrastructure.SchoolSsoClient   : School academic response: path=/jsxsd/kbcx/kbxx_teacher_ifr, attempt=1, status=200, elapsedMs=38, bytes=6325
2026-10-01T22:52:25.764+08:00  INFO 32280 --- [nio-8082-exec-1] n.t.u.a.infrastructure.SchoolSsoClient   : School academic response: path=/jsxsd/kbcx/kbxx_teacher_ifr, attempt=1, status=200, elapsedMs=34, bytes=6325
2026-10-01T22:52:25.819+08:00  INFO 32280 --- [nio-8082-exec-1] n.t.u.a.infrastructure.SchoolSsoClient   : School academic response: path=/jsxsd/kbcx/kbxx_teacher_ifr, attempt=1, status=200, elapsedMs=54, bytes=6325
2026-10-01T22:52:27.678+08:00  INFO 32280 --- [nio-8082-exec-4] n.t.u.a.infrastructure.SchoolSsoClient   : School academic response: path=/jsxsd/framework/main_index_loadkb.jsp, attempt=1, status=200, elapsedMs=59, bytes=5658
2026-10-01T22:52:27.814+08:00  INFO 32280 --- [nio-8082-exec-5] n.t.u.a.infrastructure.SchoolSsoClient   : School academic response: path=/jsxsd/framework/main_index_loadkb.jsp, attempt=1, status=200, elapsedMs=123, bytes=8499
2026-10-01T22:52:38.414+08:00  INFO 32280 --- [nio-8082-exec-7] n.t.u.a.infrastructure.SchoolSsoClient   : School academic response: path=/jsxsd/kbcx/kbxx_xzb, attempt=1, status=200, elapsedMs=39, bytes=20102
2026-10-01T22:53:57.971+08:00  INFO 32280 --- [nio-8082-exec-8] n.t.u.a.infrastructure.SchoolSsoClient   : School academic response: path=/jsxsd/framework/main_index_loadkb.jsp, attempt=1, status=200, elapsedMs=79, bytes=5658
2026-10-01T22:53:58.103+08:00  INFO 32280 --- [nio-8082-exec-9] n.t.u.a.infrastructure.SchoolSsoClient   : School academic response: path=/jsxsd/framework/main_index_loadkb.jsp, attempt=1, status=200, elapsedMs=126, bytes=8499
2026-10-01T22:53:59.863+08:00  INFO 32280 --- [nio-8082-exec-1] n.t.u.a.infrastructure.SchoolSsoClient   : School academic response: path=/jsxsd/framework/main_index_loadkb.jsp, attempt=1, status=200, elapsedMs=42, bytes=5658
2026-10-01T22:54:00.969+08:00  INFO 32280 --- [io-8082-exec-10] n.t.u.a.infrastructure.SchoolSsoClient   : School academic response: path=/jsxsd/framework/main_index_loadkb.jsp, attempt=1, status=200, elapsedMs=1083, bytes=8499
2026-10-01T22:54:01.361+08:00  INFO 32280 --- [nio-8082-exec-4] n.t.u.a.infrastructure.SchoolSsoClient   : School academic response: path=/jsxsd/framework/main_index_loadkb.jsp, attempt=1, status=200, elapsedMs=164, bytes=5658
2026-10-01T22:54:01.598+08:00  INFO 32280 --- [nio-8082-exec-3] n.t.u.a.infrastructure.SchoolSsoClient   : School academic response: path=/jsxsd/framework/main_index_loadkb.jsp, attempt=1, status=200, elapsedMs=225, bytes=8499
2026-10-01T22:54:02.060+08:00  INFO 32280 --- [nio-8082-exec-7] n.t.u.a.infrastructure.SchoolSsoClient   : School academic response: path=/jsxsd/kbcx/kbxx_teacher, attempt=1, status=200, elapsedMs=189, bytes=26074
2026-10-01T22:54:02.197+08:00  INFO 32280 --- [nio-8082-exec-2] n.t.u.a.infrastructure.SchoolSsoClient   : School academic response: path=/jsxsd/kbcx/kbxx_teacher_ifr, attempt=1, status=200, elapsedMs=117, bytes=6325
2026-10-01T22:54:02.314+08:00  INFO 32280 --- [nio-8082-exec-2] n.t.u.a.infrastructure.SchoolSsoClient   : School academic response: path=/jsxsd/kbcx/kbxx_teacher_ifr, attempt=1, status=200, elapsedMs=115, bytes=6325
2026-10-01T22:54:02.464+08:00  INFO 32280 --- [nio-8082-exec-2] n.t.u.a.infrastructure.SchoolSsoClient   : School academic response: path=/jsxsd/kbcx/kbxx_teacher_ifr, attempt=1, status=200, elapsedMs=148, bytes=6325
2026-10-01T22:54:02.628+08:00  INFO 32280 --- [nio-8082-exec-2] n.t.u.a.infrastructure.SchoolSsoClient   : School academic response: path=/jsxsd/kbcx/kbxx_teacher_ifr, attempt=1, status=200, elapsedMs=163, bytes=6325
2026-10-01T22:54:05.682+08:00  INFO 32280 --- [nio-8082-exec-8] n.t.u.a.infrastructure.SchoolSsoClient   : School academic response: path=/jsxsd/framework/main_index_loadkb.jsp, attempt=1, status=200, elapsedMs=137, bytes=5658
2026-10-01T22:54:05.887+08:00  INFO 32280 --- [nio-8082-exec-6] n.t.u.a.infrastructure.SchoolSsoClient   : School academic response: path=/jsxsd/framework/main_index_loadkb.jsp, attempt=1, status=200, elapsedMs=195, bytes=8499
2026-10-01T22:55:30.421+08:00  INFO 32280 --- [nio-8082-exec-1] n.t.u.a.infrastructure.SchoolSsoClient   : School academic response: path=/jsxsd/framework/main_index_loadkb.jsp, attempt=1, status=200, elapsedMs=325, bytes=5658
2026-10-01T22:55:30.728+08:00  INFO 32280 --- [nio-8082-exec-4] n.t.u.a.infrastructure.SchoolSsoClient   : School academic response: path=/jsxsd/kbcx/kbxx_teacher, attempt=1, status=200, elapsedMs=62, bytes=26074
2026-10-01T22:55:30.773+08:00  INFO 32280 --- [nio-8082-exec-3] n.t.u.a.infrastructure.SchoolSsoClient   : School academic response: path=/jsxsd/kbcx/kbxx_teacher_ifr, attempt=1, status=200, elapsedMs=36, bytes=6325
2026-10-01T22:55:30.812+08:00  INFO 32280 --- [nio-8082-exec-3] n.t.u.a.infrastructure.SchoolSsoClient   : School academic response: path=/jsxsd/kbcx/kbxx_teacher_ifr, attempt=1, status=200, elapsedMs=35, bytes=6325
2026-10-01T22:55:30.847+08:00  INFO 32280 --- [nio-8082-exec-3] n.t.u.a.infrastructure.SchoolSsoClient   : School academic response: path=/jsxsd/kbcx/kbxx_teacher_ifr, attempt=1, status=200, elapsedMs=34, bytes=6325
2026-10-01T22:55:30.903+08:00  INFO 32280 --- [nio-8082-exec-3] n.t.u.a.infrastructure.SchoolSsoClient   : School academic response: path=/jsxsd/kbcx/kbxx_teacher_ifr, attempt=1, status=200, elapsedMs=51, bytes=6325
2026-10-01T22:55:34.277+08:00  INFO 32280 --- [nio-8082-exec-5] n.t.u.a.infrastructure.SchoolSsoClient   : School academic response: path=/jsxsd/framework/main_index_loadkb.jsp, attempt=1, status=200, elapsedMs=3843, bytes=8499
2026-10-01T22:57:19.876+08:00  INFO 32280 --- [nio-8082-exec-7] n.t.u.a.infrastructure.SchoolSsoClient   : School academic response: path=/jsxsd/kbcx/kbxx_teacher, attempt=1, status=200, elapsedMs=89, bytes=26074
2026-10-01T22:57:20.423+08:00  INFO 32280 --- [nio-8082-exec-2] n.t.u.a.infrastructure.SchoolSsoClient   : School academic response: path=/jsxsd/kbcx/kbxx_teacher_ifr, attempt=1, status=200, elapsedMs=536, bytes=6325
2026-10-01T22:57:20.967+08:00  INFO 32280 --- [nio-8082-exec-2] n.t.u.a.infrastructure.SchoolSsoClient   : School academic response: path=/jsxsd/kbcx/kbxx_teacher_ifr, attempt=1, status=200, elapsedMs=541, bytes=6325
2026-10-01T22:57:21.512+08:00  INFO 32280 --- [nio-8082-exec-2] n.t.u.a.infrastructure.SchoolSsoClient   : School academic response: path=/jsxsd/kbcx/kbxx_teacher_ifr, attempt=1, status=200, elapsedMs=542, bytes=6325
2026-10-01T22:57:21.855+08:00  INFO 32280 --- [nio-8082-exec-2] n.t.u.a.infrastructure.SchoolSsoClient   : School academic response: path=/jsxsd/kbcx/kbxx_teacher_ifr, attempt=1, status=200, elapsedMs=49, bytes=6325
2026-10-01T23:00:28.389+08:00  INFO 32280 --- [nio-8082-exec-9] n.t.u.a.infrastructure.SchoolSsoClient   : School academic response: path=/jsxsd/framework/main_index_loadkb.jsp, attempt=1, status=200, elapsedMs=327, bytes=5658
2026-10-01T23:00:29.090+08:00  INFO 32280 --- [io-8082-exec-10] n.t.u.a.infrastructure.SchoolSsoClient   : School academic response: path=/jsxsd/kbcx/kbxx_teacher, attempt=1, status=200, elapsedMs=81, bytes=26074
2026-10-01T23:00:29.139+08:00  INFO 32280 --- [nio-8082-exec-1] n.t.u.a.infrastructure.SchoolSsoClient   : School academic response: path=/jsxsd/kbcx/kbxx_teacher_ifr, attempt=1, status=200, elapsedMs=38, bytes=6325
2026-10-01T23:00:29.175+08:00  INFO 32280 --- [nio-8082-exec-1] n.t.u.a.infrastructure.SchoolSsoClient   : School academic response: path=/jsxsd/kbcx/kbxx_teacher_ifr, attempt=1, status=200, elapsedMs=34, bytes=6325
2026-10-01T23:00:29.211+08:00  INFO 32280 --- [nio-8082-exec-1] n.t.u.a.infrastructure.SchoolSsoClient   : School academic response: path=/jsxsd/kbcx/kbxx_teacher_ifr, attempt=1, status=200, elapsedMs=34, bytes=6325
2026-10-01T23:00:29.268+08:00  INFO 32280 --- [nio-8082-exec-1] n.t.u.a.infrastructure.SchoolSsoClient   : School academic response: path=/jsxsd/kbcx/kbxx_teacher_ifr, attempt=1, status=200, elapsedMs=55, bytes=6325
2026-10-01T23:00:31.282+08:00  INFO 32280 --- [nio-8082-exec-4] n.t.u.a.infrastructure.SchoolSsoClient   : School academic response: path=/jsxsd/kbcx/kbxx_teacher_ifr, attempt=1, status=200, elapsedMs=41, bytes=6325
2026-10-01T23:00:31.330+08:00  INFO 32280 --- [nio-8082-exec-4] n.t.u.a.infrastructure.SchoolSsoClient   : School academic response: path=/jsxsd/kbcx/kbxx_teacher_ifr, attempt=1, status=200, elapsedMs=46, bytes=6325
2026-10-01T23:00:31.368+08:00  INFO 32280 --- [nio-8082-exec-4] n.t.u.a.infrastructure.SchoolSsoClient   : School academic response: path=/jsxsd/kbcx/kbxx_teacher_ifr, attempt=1, status=200, elapsedMs=35, bytes=6325
2026-10-01T23:00:31.420+08:00  INFO 32280 --- [nio-8082-exec-4] n.t.u.a.infrastructure.SchoolSsoClient   : School academic response: path=/jsxsd/kbcx/kbxx_teacher_ifr, attempt=1, status=200, elapsedMs=51, bytes=6325
2026-10-01T23:00:32.252+08:00  INFO 32280 --- [nio-8082-exec-6] n.t.u.a.infrastructure.SchoolSsoClient   : School academic response: path=/jsxsd/framework/main_index_loadkb.jsp, attempt=1, status=200, elapsedMs=3852, bytes=8499
2026-10-01T23:00:33.300+08:00  INFO 32280 --- [nio-8082-exec-3] n.t.u.a.infrastructure.SchoolSsoClient   : School academic response: path=/jsxsd/framework/main_index_loadkb.jsp, attempt=1, status=200, elapsedMs=297, bytes=5658
2026-10-01T23:00:37.157+08:00  INFO 32280 --- [nio-8082-exec-7] n.t.u.a.infrastructure.SchoolSsoClient   : School academic response: path=/jsxsd/framework/main_index_loadkb.jsp, attempt=1, status=200, elapsedMs=3846, bytes=8499
2026-10-01T23:01:27.551+08:00  INFO 32280 --- [nio-8082-exec-2] n.t.u.a.infrastructure.SchoolSsoClient   : School academic response: path=/jsxsd/framework/main_index_loadkb.jsp, attempt=1, status=200, elapsedMs=338, bytes=5658
2026-10-01T23:01:27.551+08:00  INFO 32280 --- [io-8082-exec-10] n.t.u.a.infrastructure.SchoolSsoClient   : School academic response: path=/jsxsd/kbcx/kbxx_teacher_ifr, attempt=1, status=200, elapsedMs=77, bytes=6325
2026-10-01T23:01:27.650+08:00  INFO 32280 --- [io-8082-exec-10] n.t.u.a.infrastructure.SchoolSsoClient   : School academic response: path=/jsxsd/kbcx/kbxx_teacher_ifr, attempt=1, status=200, elapsedMs=36, bytes=6325
2026-10-01T23:01:27.683+08:00  INFO 32280 --- [io-8082-exec-10] n.t.u.a.infrastructure.SchoolSsoClient   : School academic response: path=/jsxsd/kbcx/kbxx_teacher_ifr, attempt=1, status=200, elapsedMs=32, bytes=6325
2026-10-01T23:01:27.734+08:00  INFO 32280 --- [io-8082-exec-10] n.t.u.a.infrastructure.SchoolSsoClient   : School academic response: path=/jsxsd/kbcx/kbxx_teacher_ifr, attempt=1, status=200, elapsedMs=49, bytes=6325
2026-10-01T23:01:30.753+08:00  INFO 32280 --- [nio-8082-exec-1] n.t.u.a.infrastructure.SchoolSsoClient   : School academic response: path=/jsxsd/framework/main_index_loadkb.jsp, attempt=1, status=200, elapsedMs=3131, bytes=8499
2026-10-01T23:02:28.758+08:00  INFO 32280 --- [nio-8082-exec-4] n.t.u.a.infrastructure.SchoolSsoClient   : School academic response: path=/jsxsd/kbcx/kbxx_teacher, attempt=1, status=200, elapsedMs=79, bytes=26074
2026-10-01T23:02:28.805+08:00  INFO 32280 --- [nio-8082-exec-6] n.t.u.a.infrastructure.SchoolSsoClient   : School academic response: path=/jsxsd/kbcx/kbxx_teacher_ifr, attempt=1, status=200, elapsedMs=37, bytes=6325
2026-10-01T23:02:28.838+08:00  INFO 32280 --- [nio-8082-exec-6] n.t.u.a.infrastructure.SchoolSsoClient   : School academic response: path=/jsxsd/kbcx/kbxx_teacher_ifr, attempt=1, status=200, elapsedMs=31, bytes=6325
2026-10-01T23:02:28.875+08:00  INFO 32280 --- [nio-8082-exec-6] n.t.u.a.infrastructure.SchoolSsoClient   : School academic response: path=/jsxsd/kbcx/kbxx_teacher_ifr, attempt=1, status=200, elapsedMs=34, bytes=6325
2026-10-01T23:02:28.924+08:00  INFO 32280 --- [nio-8082-exec-6] n.t.u.a.infrastructure.SchoolSsoClient   : School academic response: path=/jsxsd/kbcx/kbxx_teacher_ifr, attempt=1, status=200, elapsedMs=47, bytes=6325
2026-10-01T23:04:38.420+08:00  INFO 32280 --- [nio-8082-exec-7] n.t.u.a.infrastructure.SchoolSsoClient   : School academic response: path=/jsxsd/kbcx/kbxx_teacher, attempt=1, status=200, elapsedMs=69, bytes=26074
2026-10-01T23:04:38.465+08:00  INFO 32280 --- [nio-8082-exec-8] n.t.u.a.infrastructure.SchoolSsoClient   : School academic response: path=/jsxsd/kbcx/kbxx_teacher_ifr, attempt=1, status=200, elapsedMs=34, bytes=6325
2026-10-01T23:04:38.503+08:00  INFO 32280 --- [nio-8082-exec-8] n.t.u.a.infrastructure.SchoolSsoClient   : School academic response: path=/jsxsd/kbcx/kbxx_teacher_ifr, attempt=1, status=200, elapsedMs=34, bytes=6325
2026-10-01T23:04:38.537+08:00  INFO 32280 --- [nio-8082-exec-8] n.t.u.a.infrastructure.SchoolSsoClient   : School academic response: path=/jsxsd/kbcx/kbxx_teacher_ifr, attempt=1, status=200, elapsedMs=32, bytes=6325
2026-10-01T23:04:38.586+08:00  INFO 32280 --- [nio-8082-exec-8] n.t.u.a.infrastructure.SchoolSsoClient   : School academic response: path=/jsxsd/kbcx/kbxx_teacher_ifr, attempt=1, status=200, elapsedMs=47, bytes=6325
2026-10-01T23:04:47.920+08:00  INFO 32280 --- [nio-8082-exec-2] n.t.u.a.infrastructure.SchoolSsoClient   : School academic response: path=/jsxsd/kbcx/kbxx_teacher_ifr, attempt=1, status=200, elapsedMs=40, bytes=6325
2026-10-01T23:04:47.954+08:00  INFO 32280 --- [nio-8082-exec-2] n.t.u.a.infrastructure.SchoolSsoClient   : School academic response: path=/jsxsd/kbcx/kbxx_teacher_ifr, attempt=1, status=200, elapsedMs=32, bytes=6325
2026-10-01T23:04:47.986+08:00  INFO 32280 --- [nio-8082-exec-2] n.t.u.a.infrastructure.SchoolSsoClient   : School academic response: path=/jsxsd/kbcx/kbxx_teacher_ifr, attempt=1, status=200, elapsedMs=30, bytes=6325
2026-10-01T23:04:48.035+08:00  INFO 32280 --- [nio-8082-exec-2] n.t.u.a.infrastructure.SchoolSsoClient   : School academic response: path=/jsxsd/kbcx/kbxx_teacher_ifr, attempt=1, status=200, elapsedMs=47, bytes=6325
2026-10-01T23:04:48.879+08:00  INFO 32280 --- [nio-8082-exec-1] n.t.u.a.infrastructure.SchoolSsoClient   : School academic response: path=/jsxsd/kbcx/kbxx_teacher_ifr, attempt=1, status=200, elapsedMs=33, bytes=6325
2026-10-01T23:04:48.913+08:00  INFO 32280 --- [nio-8082-exec-1] n.t.u.a.infrastructure.SchoolSsoClient   : School academic response: path=/jsxsd/kbcx/kbxx_teacher_ifr, attempt=1, status=200, elapsedMs=31, bytes=6325
2026-10-01T23:04:48.945+08:00  INFO 32280 --- [nio-8082-exec-1] n.t.u.a.infrastructure.SchoolSsoClient   : School academic response: path=/jsxsd/kbcx/kbxx_teacher_ifr, attempt=1, status=200, elapsedMs=31, bytes=6325
2026-10-01T23:04:48.994+08:00  INFO 32280 --- [nio-8082-exec-1] n.t.u.a.infrastructure.SchoolSsoClient   : School academic response: path=/jsxsd/kbcx/kbxx_teacher_ifr, attempt=1, status=200, elapsedMs=47, bytes=6325
2026-10-01T23:04:49.607+08:00  INFO 32280 --- [nio-8082-exec-6] n.t.u.a.infrastructure.SchoolSsoClient   : School academic response: path=/jsxsd/kbcx/kbxx_teacher_ifr, attempt=1, status=200, elapsedMs=29, bytes=6325
2026-10-01T23:04:49.646+08:00  INFO 32280 --- [nio-8082-exec-6] n.t.u.a.infrastructure.SchoolSsoClient   : School academic response: path=/jsxsd/kbcx/kbxx_teacher_ifr, attempt=1, status=200, elapsedMs=34, bytes=6325
2026-10-01T23:04:49.679+08:00  INFO 32280 --- [nio-8082-exec-6] n.t.u.a.infrastructure.SchoolSsoClient   : School academic response: path=/jsxsd/kbcx/kbxx_teacher_ifr, attempt=1, status=200, elapsedMs=31, bytes=6325
2026-10-01T23:04:49.730+08:00  INFO 32280 --- [nio-8082-exec-6] n.t.u.a.infrastructure.SchoolSsoClient   : School academic response: path=/jsxsd/kbcx/kbxx_teacher_ifr, attempt=1, status=200, elapsedMs=50, bytes=6325
2026-10-01T23:04:58.245+08:00  INFO 32280 --- [nio-8082-exec-3] n.t.u.a.infrastructure.SchoolSsoClient   : School academic response: path=/jsxsd/kbcx/kbxx_teacher_ifr, attempt=1, status=200, elapsedMs=38, bytes=6325
2026-10-01T23:04:58.280+08:00  INFO 32280 --- [nio-8082-exec-3] n.t.u.a.infrastructure.SchoolSsoClient   : School academic response: path=/jsxsd/kbcx/kbxx_teacher_ifr, attempt=1, status=200, elapsedMs=33, bytes=6325
2026-10-01T23:04:58.314+08:00  INFO 32280 --- [nio-8082-exec-3] n.t.u.a.infrastructure.SchoolSsoClient   : School academic response: path=/jsxsd/kbcx/kbxx_teacher_ifr, attempt=1, status=200, elapsedMs=33, bytes=6325
2026-10-01T23:04:58.364+08:00  INFO 32280 --- [nio-8082-exec-3] n.t.u.a.infrastructure.SchoolSsoClient   : School academic response: path=/jsxsd/kbcx/kbxx_teacher_ifr, attempt=1, status=200, elapsedMs=48, bytes=6325
2026-10-01T23:06:36.850+08:00  INFO 32280 --- [nio-8082-exec-8] n.t.u.a.infrastructure.SchoolSsoClient   : School academic response: path=/jsxsd/kbcx/kbxx_xzb, attempt=1, status=200, elapsedMs=65, bytes=20102
2026-10-01T23:09:29.087+08:00  INFO 32280 --- [nio-8082-exec-9] n.t.u.a.infrastructure.SchoolSsoClient   : School academic response: path=/jsxsd/kbcx/kbxx_teacher, attempt=1, status=200, elapsedMs=73, bytes=26074
2026-10-01T23:09:29.088+08:00  INFO 32280 --- [io-8082-exec-10] n.t.u.a.infrastructure.SchoolSsoClient   : School academic response: path=/jsxsd/kbcx/kbxx_xzb, attempt=1, status=200, elapsedMs=61, bytes=20102
2026-10-01T23:09:29.148+08:00  INFO 32280 --- [nio-8082-exec-1] n.t.u.a.infrastructure.SchoolSsoClient   : School academic response: path=/jsxsd/kbcx/kbxx_teacher_ifr, attempt=1, status=200, elapsedMs=41, bytes=6325
2026-10-01T23:09:29.186+08:00  INFO 32280 --- [nio-8082-exec-1] n.t.u.a.infrastructure.SchoolSsoClient   : School academic response: path=/jsxsd/kbcx/kbxx_teacher_ifr, attempt=1, status=200, elapsedMs=36, bytes=6325
2026-10-01T23:09:29.225+08:00  INFO 32280 --- [nio-8082-exec-1] n.t.u.a.infrastructure.SchoolSsoClient   : School academic response: path=/jsxsd/kbcx/kbxx_teacher_ifr, attempt=1, status=200, elapsedMs=36, bytes=6325
2026-10-01T23:09:29.279+08:00  INFO 32280 --- [nio-8082-exec-1] n.t.u.a.infrastructure.SchoolSsoClient   : School academic response: path=/jsxsd/kbcx/kbxx_teacher_ifr, attempt=1, status=200, elapsedMs=53, bytes=6325
2026-10-01T23:14:57.439+08:00  INFO 32280 --- [nio-8082-exec-4] n.t.u.a.infrastructure.SchoolSsoClient   : School academic response: path=/jsxsd/kbcx/kbxx_teacher, attempt=1, status=200, elapsedMs=86, bytes=26074
2026-10-01T23:14:57.488+08:00  INFO 32280 --- [nio-8082-exec-6] n.t.u.a.infrastructure.SchoolSsoClient   : School academic response: path=/jsxsd/kbcx/kbxx_teacher_ifr, attempt=1, status=200, elapsedMs=36, bytes=6325
2026-10-01T23:14:57.532+08:00  INFO 32280 --- [nio-8082-exec-6] n.t.u.a.infrastructure.SchoolSsoClient   : School academic response: path=/jsxsd/kbcx/kbxx_teacher_ifr, attempt=1, status=200, elapsedMs=41, bytes=6325
2026-10-01T23:14:57.567+08:00  INFO 32280 --- [nio-8082-exec-6] n.t.u.a.infrastructure.SchoolSsoClient   : School academic response: path=/jsxsd/kbcx/kbxx_teacher_ifr, attempt=1, status=200, elapsedMs=33, bytes=6325
2026-10-01T23:14:57.621+08:00  INFO 32280 --- [nio-8082-exec-6] n.t.u.a.infrastructure.SchoolSsoClient   : School academic response: path=/jsxsd/kbcx/kbxx_teacher_ifr, attempt=1, status=200, elapsedMs=49, bytes=6325
2026-10-01T23:14:58.928+08:00  INFO 32280 --- [nio-8082-exec-5] n.t.u.a.infrastructure.SchoolSsoClient   : School academic response: path=/jsxsd/framework/main_index_loadkb.jsp, attempt=1, status=200, elapsedMs=292, bytes=5658
2026-10-01T23:14:59.423+08:00  INFO 32280 --- [nio-8082-exec-2] n.t.u.a.infrastructure.SchoolSsoClient   : School academic response: path=/jsxsd/kbcx/kbxx_xzb, attempt=1, status=200, elapsedMs=55, bytes=20102
2026-10-01T23:15:00.188+08:00  INFO 32280 --- [nio-8082-exec-9] n.t.u.a.infrastructure.SchoolSsoClient   : School academic response: path=/jsxsd/framework/main_index_loadkb.jsp, attempt=1, status=200, elapsedMs=42, bytes=5658
2026-10-01T23:15:01.561+08:00  INFO 32280 --- [nio-8082-exec-1] n.t.u.a.infrastructure.SchoolSsoClient   : School academic response: path=/jsxsd/framework/main_index_loadkb.jsp, attempt=1, status=200, elapsedMs=47, bytes=5658
2026-10-01T23:15:02.479+08:00  INFO 32280 --- [nio-8082-exec-3] n.t.u.a.infrastructure.SchoolSsoClient   : School academic response: path=/jsxsd/kbcx/kbxx_teacher_ifr, attempt=1, status=200, elapsedMs=54, bytes=6325
2026-10-01T23:15:02.516+08:00  INFO 32280 --- [nio-8082-exec-3] n.t.u.a.infrastructure.SchoolSsoClient   : School academic response: path=/jsxsd/kbcx/kbxx_teacher_ifr, attempt=1, status=200, elapsedMs=34, bytes=6325
2026-10-01T23:15:02.556+08:00  INFO 32280 --- [nio-8082-exec-3] n.t.u.a.infrastructure.SchoolSsoClient   : School academic response: path=/jsxsd/kbcx/kbxx_teacher_ifr, attempt=1, status=200, elapsedMs=36, bytes=6325
2026-10-01T23:15:02.612+08:00  INFO 32280 --- [nio-8082-exec-3] n.t.u.a.infrastructure.SchoolSsoClient   : School academic response: path=/jsxsd/kbcx/kbxx_teacher_ifr, attempt=1, status=200, elapsedMs=53, bytes=6325
2026-10-01T23:15:02.786+08:00  INFO 32280 --- [nio-8082-exec-7] n.t.u.a.infrastructure.SchoolSsoClient   : School academic response: path=/jsxsd/framework/main_index_loadkb.jsp, attempt=1, status=200, elapsedMs=3846, bytes=8499
2026-10-01T23:15:06.637+08:00  INFO 32280 --- [nio-8082-exec-5] n.t.u.a.infrastructure.SchoolSsoClient   : School academic response: path=/jsxsd/framework/main_index_loadkb.jsp, attempt=1, status=200, elapsedMs=3846, bytes=8499
2026-10-01T23:15:10.513+08:00  INFO 32280 --- [nio-8082-exec-8] n.t.u.a.infrastructure.SchoolSsoClient   : School academic response: path=/jsxsd/framework/main_index_loadkb.jsp, attempt=1, status=200, elapsedMs=3868, bytes=8499
2026-10-01T23:15:50.872+08:00  INFO 32280 --- [nio-8082-exec-1] n.t.u.a.infrastructure.SchoolSsoClient   : School academic response: path=/jsxsd/kbcx/kbxx_xzb, attempt=1, status=200, elapsedMs=42, bytes=20102
2026-10-01T23:15:53.229+08:00  INFO 32280 --- [nio-8082-exec-3] n.t.u.a.infrastructure.SchoolSsoClient   : School academic response: path=/jsxsd/framework/main_index_loadkb.jsp, attempt=1, status=200, elapsedMs=291, bytes=5658
2026-10-01T23:15:57.365+08:00  INFO 32280 --- [nio-8082-exec-6] n.t.u.a.infrastructure.SchoolSsoClient   : School academic response: path=/jsxsd/kbcx/kbxx_xzb_ifr, attempt=1, status=200, elapsedMs=4426, bytes=25316
2026-10-01T23:16:30.646+08:00  INFO 32280 --- [nio-8082-exec-8] n.t.u.a.infrastructure.SchoolSsoClient   : School academic response: path=/jsxsd/framework/main_index_loadkb.jsp, attempt=1, status=200, elapsedMs=341, bytes=5658
2026-10-01T23:16:33.313+08:00  INFO 32280 --- [nio-8082-exec-4] n.t.u.a.infrastructure.SchoolSsoClient   : School academic response: path=/jsxsd/framework/main_index_loadkb.jsp, attempt=1, status=200, elapsedMs=164, bytes=5658
2026-10-01T23:16:33.412+08:00  INFO 32280 --- [io-8082-exec-10] n.t.u.a.infrastructure.SchoolSsoClient   : School academic response: path=/jsxsd/framework/main_index_loadkb.jsp, attempt=1, status=200, elapsedMs=2744, bytes=8499
2026-10-01T23:16:33.662+08:00  INFO 32280 --- [nio-8082-exec-6] n.t.u.a.infrastructure.SchoolSsoClient   : School academic response: path=/jsxsd/framework/main_index_loadkb.jsp, attempt=1, status=200, elapsedMs=40, bytes=5658
2026-10-01T23:16:36.064+08:00  INFO 32280 --- [nio-8082-exec-7] n.t.u.a.infrastructure.SchoolSsoClient   : School academic response: path=/jsxsd/framework/main_index_loadkb.jsp, attempt=1, status=200, elapsedMs=41, bytes=5658
2026-10-01T23:16:36.469+08:00  INFO 32280 --- [nio-8082-exec-3] n.t.u.a.infrastructure.SchoolSsoClient   : School academic response: path=/jsxsd/framework/main_index_loadkb.jsp, attempt=1, status=200, elapsedMs=3138, bytes=8499
2026-10-01T23:16:36.627+08:00  INFO 32280 --- [nio-8082-exec-2] n.t.u.a.infrastructure.SchoolSsoClient   : School academic response: path=/jsxsd/kbcx/kbxx_teacher, attempt=1, status=200, elapsedMs=56, bytes=26074
2026-10-01T23:16:36.734+08:00  INFO 32280 --- [nio-8082-exec-9] n.t.u.a.infrastructure.SchoolSsoClient   : School academic response: path=/jsxsd/kbcx/kbxx_teacher_ifr, attempt=1, status=200, elapsedMs=42, bytes=6325
2026-10-01T23:16:36.773+08:00  INFO 32280 --- [nio-8082-exec-9] n.t.u.a.infrastructure.SchoolSsoClient   : School academic response: path=/jsxsd/kbcx/kbxx_teacher_ifr, attempt=1, status=200, elapsedMs=37, bytes=6325
2026-10-01T23:16:36.811+08:00  INFO 32280 --- [nio-8082-exec-9] n.t.u.a.infrastructure.SchoolSsoClient   : School academic response: path=/jsxsd/kbcx/kbxx_teacher_ifr, attempt=1, status=200, elapsedMs=35, bytes=6325
2026-10-01T23:16:36.865+08:00  INFO 32280 --- [nio-8082-exec-9] n.t.u.a.infrastructure.SchoolSsoClient   : School academic response: path=/jsxsd/kbcx/kbxx_teacher_ifr, attempt=1, status=200, elapsedMs=53, bytes=6325
2026-10-01T23:16:40.527+08:00  INFO 32280 --- [nio-8082-exec-8] n.t.u.a.infrastructure.SchoolSsoClient   : School academic response: path=/jsxsd/framework/main_index_loadkb.jsp, attempt=1, status=200, elapsedMs=3848, bytes=8499
2026-10-01T23:16:54.072+08:00  INFO 32280 --- [nio-8082-exec-1] n.t.u.a.infrastructure.SchoolSsoClient   : School academic response: path=/jsxsd/framework/main_index_loadkb.jsp, attempt=1, status=200, elapsedMs=310, bytes=5658
2026-10-01T23:16:58.089+08:00  INFO 32280 --- [io-8082-exec-10] n.t.u.a.infrastructure.SchoolSsoClient   : School academic response: path=/jsxsd/framework/main_index_loadkb.jsp, attempt=1, status=200, elapsedMs=3859, bytes=8499
2026-10-01T23:17:38.085+08:00  INFO 32280 --- [nio-8082-exec-8] n.t.u.a.infrastructure.SchoolSsoClient   : School academic response: path=/jsxsd/framework/main_index_loadkb.jsp, attempt=1, status=200, elapsedMs=381, bytes=5658
2026-10-01T23:17:41.963+08:00  INFO 32280 --- [nio-8082-exec-1] n.t.u.a.infrastructure.SchoolSsoClient   : School academic response: path=/jsxsd/framework/main_index_loadkb.jsp, attempt=1, status=200, elapsedMs=3852, bytes=8499
2026-10-01T23:17:42.331+08:00  INFO 32280 --- [io-8082-exec-10] n.t.u.a.infrastructure.SchoolSsoClient   : School academic response: path=/jsxsd/framework/main_index_loadkb.jsp, attempt=1, status=200, elapsedMs=295, bytes=5658
2026-10-01T23:17:46.310+08:00  INFO 32280 --- [nio-8082-exec-5] n.t.u.a.infrastructure.SchoolSsoClient   : School academic response: path=/jsxsd/framework/main_index_loadkb.jsp, attempt=1, status=200, elapsedMs=3846, bytes=8499
2026-10-01T23:17:50.120+08:00  INFO 32280 --- [nio-8082-exec-7] n.t.u.a.infrastructure.SchoolSsoClient   : School academic response: path=/jsxsd/framework/main_index_loadkb.jsp, attempt=1, status=200, elapsedMs=297, bytes=5658
2026-10-01T23:17:56.086+08:00  INFO 32280 --- [nio-8082-exec-3] n.t.u.a.infrastructure.SchoolSsoClient   : School academic response: path=/jsxsd/framework/main_index_loadkb.jsp, attempt=1, status=200, elapsedMs=3856, bytes=8499
2026-10-01T23:17:58.609+08:00  INFO 32280 --- [nio-8082-exec-9] n.t.u.a.infrastructure.SchoolSsoClient   : School academic response: path=/jsxsd/framework/main_index_loadkb.jsp, attempt=1, status=200, elapsedMs=295, bytes=5658
2026-10-01T23:17:58.980+08:00  INFO 32280 --- [nio-8082-exec-4] n.t.u.a.infrastructure.SchoolSsoClient   : School academic response: path=/jsxsd/framework/main_index_loadkb.jsp, attempt=1, status=200, elapsedMs=287, bytes=5658
2026-10-01T23:18:01.559+08:00  INFO 32280 --- [nio-8082-exec-6] n.t.u.a.infrastructure.SchoolSsoClient   : School academic response: path=/jsxsd/framework/main_index_loadkb.jsp, attempt=1, status=200, elapsedMs=73, bytes=5658
2026-10-01T23:18:01.695+08:00  INFO 32280 --- [nio-8082-exec-5] n.t.u.a.infrastructure.SchoolSsoClient   : School academic response: path=/jsxsd/framework/main_index_loadkb.jsp, attempt=1, status=200, elapsedMs=123, bytes=8499
2026-10-01T23:18:01.777+08:00  INFO 32280 --- [nio-8082-exec-7] n.t.u.a.infrastructure.SchoolSsoClient   : School academic response: path=/jsxsd/kbcx/kbxx_teacher, attempt=1, status=200, elapsedMs=42, bytes=26074
2026-10-01T23:18:01.835+08:00  INFO 32280 --- [nio-8082-exec-3] n.t.u.a.infrastructure.SchoolSsoClient   : School academic response: path=/jsxsd/kbcx/kbxx_teacher_ifr, attempt=1, status=200, elapsedMs=37, bytes=6325
2026-10-01T23:18:01.890+08:00  INFO 32280 --- [nio-8082-exec-3] n.t.u.a.infrastructure.SchoolSsoClient   : School academic response: path=/jsxsd/kbcx/kbxx_teacher_ifr, attempt=1, status=200, elapsedMs=53, bytes=6325
2026-10-01T23:18:01.931+08:00  INFO 32280 --- [nio-8082-exec-3] n.t.u.a.infrastructure.SchoolSsoClient   : School academic response: path=/jsxsd/kbcx/kbxx_teacher_ifr, attempt=1, status=200, elapsedMs=35, bytes=6325
2026-10-01T23:18:01.984+08:00  INFO 32280 --- [nio-8082-exec-3] n.t.u.a.infrastructure.SchoolSsoClient   : School academic response: path=/jsxsd/kbcx/kbxx_teacher_ifr, attempt=1, status=200, elapsedMs=50, bytes=6325
2026-10-01T23:18:02.836+08:00  INFO 32280 --- [nio-8082-exec-1] n.t.u.a.infrastructure.SchoolSsoClient   : School academic response: path=/jsxsd/framework/main_index_loadkb.jsp, attempt=1, status=200, elapsedMs=3843, bytes=8499
2026-10-01T23:18:11.206+08:00  INFO 32280 --- [nio-8082-exec-2] n.t.u.a.infrastructure.SchoolSsoClient   : School academic response: path=/jsxsd/kbcx/kbxx_teacher_ifr, attempt=1, status=200, elapsedMs=854, bytes=11974
2026-10-01T23:18:17.504+08:00  INFO 32280 --- [nio-8082-exec-8] n.t.u.a.infrastructure.SchoolSsoClient   : School academic response: path=/jsxsd/kbcx/kbxx_teacher_ifr, attempt=1, status=200, elapsedMs=83, bytes=11974
2026-10-01T23:18:17.576+08:00  INFO 32280 --- [nio-8082-exec-9] n.t.u.a.infrastructure.SchoolSsoClient   : School academic response: path=/jsxsd/kbcx/kbxx_teacher_ifr, attempt=1, status=200, elapsedMs=857, bytes=11974
2026-10-01T23:18:24.964+08:00  INFO 32280 --- [nio-8082-exec-4] n.t.u.a.infrastructure.SchoolSsoClient   : School academic response: path=/jsxsd/framework/main_index_loadkb.jsp, attempt=1, status=200, elapsedMs=296, bytes=5658
2026-10-01T23:18:28.851+08:00  INFO 32280 --- [nio-8082-exec-6] n.t.u.a.infrastructure.SchoolSsoClient   : School academic response: path=/jsxsd/framework/main_index_loadkb.jsp, attempt=1, status=200, elapsedMs=3859, bytes=8499
2026-10-01T23:18:40.154+08:00  INFO 32280 --- [nio-8082-exec-5] n.t.u.a.infrastructure.SchoolSsoClient   : School academic response: path=/jsxsd/framework/main_index_loadkb.jsp, attempt=1, status=200, elapsedMs=293, bytes=5658
2026-10-01T23:18:44.019+08:00  INFO 32280 --- [nio-8082-exec-3] n.t.u.a.infrastructure.SchoolSsoClient   : School academic response: path=/jsxsd/framework/main_index_loadkb.jsp, attempt=1, status=200, elapsedMs=3846, bytes=8499
2026-10-01T23:20:20.141+08:00  INFO 32280 --- [nio-8082-exec-9] n.t.u.a.infrastructure.SchoolSsoClient   : School academic response: path=/jsxsd/framework/main_index_loadkb.jsp, attempt=1, status=200, elapsedMs=339, bytes=5658
2026-10-01T23:20:20.540+08:00  INFO 32280 --- [nio-8082-exec-6] n.t.u.a.infrastructure.SchoolSsoClient   : School academic response: path=/jsxsd/framework/main_index_loadkb.jsp, attempt=1, status=200, elapsedMs=68, bytes=5658
2026-10-01T23:20:21.717+08:00  INFO 32280 --- [nio-8082-exec-7] n.t.u.a.infrastructure.SchoolSsoClient   : School academic response: path=/jsxsd/framework/main_index_loadkb.jsp, attempt=1, status=200, elapsedMs=132, bytes=8499
2026-10-01T23:20:23.510+08:00  INFO 32280 --- [nio-8082-exec-5] n.t.u.a.infrastructure.SchoolSsoClient   : School academic response: path=/jsxsd/framework/main_index_loadkb.jsp, attempt=1, status=200, elapsedMs=43, bytes=5658
2026-10-01T23:20:23.669+08:00  INFO 32280 --- [nio-8082-exec-1] n.t.u.a.infrastructure.SchoolSsoClient   : School academic response: path=/jsxsd/framework/main_index_loadkb.jsp, attempt=1, status=200, elapsedMs=137, bytes=8499
2026-10-01T23:20:24.012+08:00  INFO 32280 --- [nio-8082-exec-4] n.t.u.a.infrastructure.SchoolSsoClient   : School academic response: path=/jsxsd/framework/main_index_loadkb.jsp, attempt=1, status=200, elapsedMs=3857, bytes=8499
2026-10-01T23:20:24.118+08:00  INFO 32280 --- [nio-8082-exec-2] n.t.u.a.infrastructure.SchoolSsoClient   : School academic response: path=/jsxsd/kbcx/kbxx_teacher, attempt=1, status=200, elapsedMs=64, bytes=26074
2026-10-01T23:20:24.265+08:00  INFO 32280 --- [nio-8082-exec-8] n.t.u.a.infrastructure.SchoolSsoClient   : School academic response: path=/jsxsd/kbcx/kbxx_teacher_ifr, attempt=1, status=200, elapsedMs=46, bytes=6325
2026-10-01T23:20:24.315+08:00  INFO 32280 --- [nio-8082-exec-8] n.t.u.a.infrastructure.SchoolSsoClient   : School academic response: path=/jsxsd/kbcx/kbxx_teacher_ifr, attempt=1, status=200, elapsedMs=46, bytes=6325
2026-10-01T23:20:24.354+08:00  INFO 32280 --- [nio-8082-exec-8] n.t.u.a.infrastructure.SchoolSsoClient   : School academic response: path=/jsxsd/kbcx/kbxx_teacher_ifr, attempt=1, status=200, elapsedMs=37, bytes=6325
2026-10-01T23:20:24.421+08:00  INFO 32280 --- [nio-8082-exec-8] n.t.u.a.infrastructure.SchoolSsoClient   : School academic response: path=/jsxsd/kbcx/kbxx_teacher_ifr, attempt=1, status=200, elapsedMs=64, bytes=6325
2026-10-01T23:20:26.125+08:00  INFO 32280 --- [io-8082-exec-10] n.t.u.a.infrastructure.SchoolSsoClient   : School academic response: path=/jsxsd/kbcx/kbxx_teacher_ifr, attempt=1, status=200, elapsedMs=1058, bytes=12259
2026-10-01T23:20:30.647+08:00  INFO 32280 --- [nio-8082-exec-9] n.t.u.a.infrastructure.SchoolSsoClient   : School academic response: path=/jsxsd/kbcx/kbxx_teacher_ifr, attempt=1, status=200, elapsedMs=821, bytes=11874
2026-10-01T23:20:34.651+08:00  INFO 32280 --- [nio-8082-exec-6] n.t.u.a.infrastructure.SchoolSsoClient   : School academic response: path=/jsxsd/framework/main_index_loadkb.jsp, attempt=1, status=200, elapsedMs=309, bytes=5658
2026-10-01T23:20:38.524+08:00  INFO 32280 --- [nio-8082-exec-3] n.t.u.a.infrastructure.SchoolSsoClient   : School academic response: path=/jsxsd/framework/main_index_loadkb.jsp, attempt=1, status=200, elapsedMs=3849, bytes=8499
2026-10-01T23:20:56.371+08:00  INFO 32280 --- [nio-8082-exec-2] n.t.u.a.infrastructure.SchoolSsoClient   : School academic response: path=/jsxsd/framework/main_index_loadkb.jsp, attempt=1, status=200, elapsedMs=336, bytes=5658
2026-10-01T23:21:00.261+08:00  INFO 32280 --- [io-8082-exec-10] n.t.u.a.infrastructure.SchoolSsoClient   : School academic response: path=/jsxsd/framework/main_index_loadkb.jsp, attempt=1, status=200, elapsedMs=3869, bytes=8499
2026-10-01T23:31:53.634+08:00  INFO 32280 --- [nio-8082-exec-8] n.t.u.a.infrastructure.SchoolSsoClient   : School academic response: path=/jsxsd/framework/main_index_loadkb.jsp, attempt=1, status=200, elapsedMs=298, bytes=5658
2026-10-01T23:31:55.943+08:00  INFO 32280 --- [nio-8082-exec-7] n.t.u.a.infrastructure.SchoolSsoClient   : School academic response: path=/jsxsd/framework/main_index_loadkb.jsp, attempt=1, status=200, elapsedMs=66, bytes=5658
2026-10-01T23:31:56.468+08:00  INFO 32280 --- [nio-8082-exec-6] n.t.u.a.infrastructure.SchoolSsoClient   : School academic response: path=/jsxsd/framework/main_index_loadkb.jsp, attempt=1, status=200, elapsedMs=41, bytes=5658
2026-10-01T23:31:56.611+08:00  INFO 32280 --- [nio-8082-exec-5] n.t.u.a.infrastructure.SchoolSsoClient   : School academic response: path=/jsxsd/framework/main_index_loadkb.jsp, attempt=1, status=200, elapsedMs=127, bytes=8499
2026-10-01T23:31:56.884+08:00  INFO 32280 --- [nio-8082-exec-1] n.t.u.a.infrastructure.SchoolSsoClient   : School academic response: path=/jsxsd/framework/main_index_loadkb.jsp, attempt=1, status=200, elapsedMs=41, bytes=5658
2026-10-01T23:31:57.488+08:00  INFO 32280 --- [nio-8082-exec-9] n.t.u.a.infrastructure.SchoolSsoClient   : School academic response: path=/jsxsd/framework/main_index_loadkb.jsp, attempt=1, status=200, elapsedMs=3838, bytes=8499
2026-10-01T23:32:01.796+08:00  INFO 32280 --- [nio-8082-exec-4] n.t.u.a.infrastructure.SchoolSsoClient   : School academic response: path=/jsxsd/framework/main_index_loadkb.jsp, attempt=1, status=200, elapsedMs=3842, bytes=8499
2026-10-01T23:32:03.818+08:00  INFO 32280 --- [nio-8082-exec-8] n.t.u.a.infrastructure.SchoolSsoClient   : School academic response: path=/jsxsd/framework/main_index_loadkb.jsp, attempt=1, status=200, elapsedMs=292, bytes=5658
2026-10-01T23:32:07.667+08:00  INFO 32280 --- [nio-8082-exec-7] n.t.u.a.infrastructure.SchoolSsoClient   : School academic response: path=/jsxsd/framework/main_index_loadkb.jsp, attempt=1, status=200, elapsedMs=3835, bytes=8499
2026-10-01T23:32:22.906+08:00  INFO 32280 --- [nio-8082-exec-5] n.t.u.a.infrastructure.SchoolSsoClient   : School academic response: path=/jsxsd/framework/main_index_loadkb.jsp, attempt=1, status=200, elapsedMs=303, bytes=5658
2026-10-01T23:32:23.292+08:00  INFO 32280 --- [nio-8082-exec-9] n.t.u.a.infrastructure.SchoolSsoClient   : School academic response: path=/jsxsd/framework/main_index_loadkb.jsp, attempt=1, status=200, elapsedMs=376, bytes=8499
2026-10-01T23:35:25.464+08:00  INFO 32280 --- [nio-8082-exec-3] n.t.u.a.infrastructure.SchoolSsoClient   : School academic response: path=/jsxsd/framework/main_index_loadkb.jsp, attempt=1, status=200, elapsedMs=320, bytes=5658
2026-10-01T23:35:26.233+08:00  INFO 32280 --- [nio-8082-exec-1] n.t.u.a.infrastructure.SchoolSsoClient   : School academic response: path=/jsxsd/framework/main_index_loadkb.jsp, attempt=1, status=200, elapsedMs=289, bytes=5658
2026-10-01T23:35:26.847+08:00  INFO 32280 --- [nio-8082-exec-5] n.t.u.a.infrastructure.SchoolSsoClient   : School academic response: path=/jsxsd/framework/main_index_loadkb.jsp, attempt=1, status=200, elapsedMs=289, bytes=5658
2026-10-01T23:35:27.239+08:00  INFO 32280 --- [nio-8082-exec-2] n.t.u.a.infrastructure.SchoolSsoClient   : School academic response: path=/jsxsd/framework/main_index_loadkb.jsp, attempt=1, status=200, elapsedMs=139, bytes=8499
2026-10-01T23:35:27.362+08:00  INFO 32280 --- [nio-8082-exec-4] n.t.u.a.infrastructure.SchoolSsoClient   : School academic response: path=/jsxsd/framework/main_index_loadkb.jsp, attempt=1, status=200, elapsedMs=291, bytes=5658
2026-10-01T23:35:27.917+08:00  INFO 32280 --- [io-8082-exec-10] n.t.u.a.infrastructure.SchoolSsoClient   : School academic response: path=/jsxsd/framework/main_index_loadkb.jsp, attempt=1, status=200, elapsedMs=285, bytes=5658
2026-10-01T23:35:28.234+08:00  INFO 32280 --- [nio-8082-exec-3] n.t.u.a.infrastructure.SchoolSsoClient   : School academic response: path=/jsxsd/framework/main_index_loadkb.jsp, attempt=1, status=200, elapsedMs=45, bytes=5658
2026-10-01T23:35:28.289+08:00  INFO 32280 --- [nio-8082-exec-7] n.t.u.a.infrastructure.SchoolSsoClient   : School academic response: path=/jsxsd/framework/main_index_loadkb.jsp, attempt=1, status=200, elapsedMs=362, bytes=8499
2026-10-01T23:35:29.526+08:00  INFO 32280 --- [nio-8082-exec-6] n.t.u.a.infrastructure.SchoolSsoClient   : School academic response: path=/jsxsd/framework/main_index_loadkb.jsp, attempt=1, status=200, elapsedMs=128, bytes=8499
2026-10-01T23:36:10.770+08:00  INFO 32280 --- [nio-8082-exec-5] n.t.u.a.infrastructure.SchoolSsoClient   : School academic response: path=/jsxsd/framework/main_index_loadkb.jsp, attempt=1, status=200, elapsedMs=77, bytes=5658
2026-10-01T23:36:10.906+08:00  INFO 32280 --- [nio-8082-exec-4] n.t.u.a.infrastructure.SchoolSsoClient   : School academic response: path=/jsxsd/framework/main_index_loadkb.jsp, attempt=1, status=200, elapsedMs=118, bytes=8499
2026-10-01T23:37:09.283+08:00  INFO 32280 --- [io-8082-exec-10] n.t.u.a.infrastructure.SchoolSsoClient   : School academic response: path=/jsxsd/framework/main_index_loadkb.jsp, attempt=1, status=200, elapsedMs=328, bytes=5658
2026-10-01T23:37:13.136+08:00  INFO 32280 --- [nio-8082-exec-7] n.t.u.a.infrastructure.SchoolSsoClient   : School academic response: path=/jsxsd/framework/main_index_loadkb.jsp, attempt=1, status=200, elapsedMs=3837, bytes=8499
2026-10-01T23:40:05.675+08:00  INFO 32280 --- [io-8082-exec-10] n.t.u.a.infrastructure.SchoolSsoClient   : School academic response: path=/jsxsd/framework/main_index_loadkb.jsp, attempt=1, status=200, elapsedMs=72, bytes=5658
2026-10-01T23:40:05.926+08:00  INFO 32280 --- [nio-8082-exec-9] n.t.u.a.infrastructure.SchoolSsoClient   : School academic response: path=/jsxsd/framework/main_index_loadkb.jsp, attempt=1, status=200, elapsedMs=308, bytes=5658
2026-10-01T23:40:08.669+08:00  INFO 32280 --- [nio-8082-exec-3] n.t.u.a.infrastructure.SchoolSsoClient   : School academic response: path=/jsxsd/framework/main_index_loadkb.jsp, attempt=1, status=200, elapsedMs=47, bytes=5658
2026-10-01T23:40:09.789+08:00  INFO 32280 --- [nio-8082-exec-1] n.t.u.a.infrastructure.SchoolSsoClient   : School academic response: path=/jsxsd/framework/main_index_loadkb.jsp, attempt=1, status=200, elapsedMs=3843, bytes=8499
2026-10-01T23:40:11.027+08:00  INFO 32280 --- [nio-8082-exec-7] n.t.u.a.infrastructure.SchoolSsoClient   : School academic response: path=/jsxsd/framework/main_index_loadkb.jsp, attempt=1, status=200, elapsedMs=290, bytes=5658
2026-10-01T23:40:14.896+08:00  INFO 32280 --- [nio-8082-exec-9] n.t.u.a.infrastructure.SchoolSsoClient   : School academic response: path=/jsxsd/framework/main_index_loadkb.jsp, attempt=1, status=200, elapsedMs=3852, bytes=8499
2026-10-01T23:42:51.136+08:00  INFO 32280 --- [nio-8082-exec-4] n.t.u.a.infrastructure.SchoolSsoClient   : School academic response: path=/jsxsd/framework/main_index_loadkb.jsp, attempt=1, status=200, elapsedMs=339, bytes=5658
2026-10-01T23:42:55.038+08:00  INFO 32280 --- [nio-8082-exec-3] n.t.u.a.infrastructure.SchoolSsoClient   : School academic response: path=/jsxsd/framework/main_index_loadkb.jsp, attempt=1, status=200, elapsedMs=3859, bytes=8499
2026-10-01T23:50:57.338+08:00  INFO 32280 --- [io-8082-exec-10] n.t.u.a.infrastructure.SchoolSsoClient   : School academic response: path=/jsxsd/framework/main_index_loadkb.jsp, attempt=1, status=200, elapsedMs=325, bytes=5658
2026-10-01T23:51:01.295+08:00  INFO 32280 --- [nio-8082-exec-9] n.t.u.a.infrastructure.SchoolSsoClient   : School academic response: path=/jsxsd/framework/main_index_loadkb.jsp, attempt=1, status=200, elapsedMs=3847, bytes=8499
2026-10-01T23:53:44.271+08:00  INFO 32280 --- [nio-8082-exec-8] n.t.u.a.infrastructure.SchoolSsoClient   : School academic response: path=/jsxsd/framework/main_index_loadkb.jsp, attempt=1, status=200, elapsedMs=45, bytes=5658
2026-10-01T23:53:44.435+08:00  INFO 32280 --- [nio-8082-exec-3] n.t.u.a.infrastructure.SchoolSsoClient   : School academic response: path=/jsxsd/framework/main_index_loadkb.jsp, attempt=1, status=200, elapsedMs=150, bytes=8499
2026-10-01T23:53:46.915+08:00  INFO 32280 --- [nio-8082-exec-1] n.t.u.a.infrastructure.SchoolSsoClient   : School academic response: path=/jsxsd/framework/main_index_loadkb.jsp, attempt=1, status=200, elapsedMs=47, bytes=5658
2026-10-01T23:53:47.531+08:00  INFO 32280 --- [nio-8082-exec-6] n.t.u.a.infrastructure.SchoolSsoClient   : School academic response: path=/jsxsd/framework/main_index_loadkb.jsp, attempt=1, status=200, elapsedMs=55, bytes=5658
2026-10-01T23:53:47.675+08:00  INFO 32280 --- [io-8082-exec-10] n.t.u.a.infrastructure.SchoolSsoClient   : School academic response: path=/jsxsd/framework/main_index_loadkb.jsp, attempt=1, status=200, elapsedMs=136, bytes=8499
2026-10-01T23:53:49.703+08:00  INFO 32280 --- [nio-8082-exec-9] n.t.u.a.infrastructure.SchoolSsoClient   : School academic response: path=/jsxsd/framework/main_index_loadkb.jsp, attempt=1, status=200, elapsedMs=55, bytes=5658
2026-10-01T23:53:49.848+08:00  INFO 32280 --- [nio-8082-exec-2] n.t.u.a.infrastructure.SchoolSsoClient   : School academic response: path=/jsxsd/framework/main_index_loadkb.jsp, attempt=1, status=200, elapsedMs=132, bytes=8499
2026-10-01T23:53:52.487+08:00  INFO 32280 --- [nio-8082-exec-4] n.t.u.a.infrastructure.SchoolSsoClient   : School academic response: path=/jsxsd/framework/main_index_loadkb.jsp, attempt=1, status=200, elapsedMs=60, bytes=5658
2026-10-01T23:53:52.641+08:00  INFO 32280 --- [nio-8082-exec-3] n.t.u.a.infrastructure.SchoolSsoClient   : School academic response: path=/jsxsd/framework/main_index_loadkb.jsp, attempt=1, status=200, elapsedMs=141, bytes=8499
2026-10-01T23:53:58.310+08:00  INFO 32280 --- [nio-8082-exec-1] n.t.u.a.infrastructure.SchoolSsoClient   : School academic response: path=/jsxsd/framework/main_index_loadkb.jsp, attempt=1, status=200, elapsedMs=59, bytes=5658
2026-10-01T23:53:58.461+08:00  INFO 32280 --- [nio-8082-exec-6] n.t.u.a.infrastructure.SchoolSsoClient   : School academic response: path=/jsxsd/framework/main_index_loadkb.jsp, attempt=1, status=200, elapsedMs=137, bytes=8499
2026-10-01T23:54:10.392+08:00  INFO 32280 --- [io-8082-exec-10] n.t.u.a.infrastructure.SchoolSsoClient   : School academic response: path=/jsxsd/framework/main_index_loadkb.jsp, attempt=1, status=200, elapsedMs=160, bytes=5658
2026-10-01T23:54:10.749+08:00  INFO 32280 --- [nio-8082-exec-9] n.t.u.a.infrastructure.SchoolSsoClient   : School academic response: path=/jsxsd/framework/main_index_loadkb.jsp, attempt=1, status=200, elapsedMs=231, bytes=8499
2026-10-01T23:54:12.927+08:00  INFO 32280 --- [nio-8082-exec-2] n.t.u.a.infrastructure.SchoolSsoClient   : School academic response: path=/jsxsd/framework/main_index_loadkb.jsp, attempt=1, status=200, elapsedMs=148, bytes=5658
2026-10-01T23:54:13.273+08:00  INFO 32280 --- [nio-8082-exec-4] n.t.u.a.infrastructure.SchoolSsoClient   : School academic response: path=/jsxsd/framework/main_index_loadkb.jsp, attempt=1, status=200, elapsedMs=237, bytes=8499
2026-10-01T23:54:17.172+08:00  INFO 32280 --- [nio-8082-exec-3] n.t.u.a.infrastructure.SchoolSsoClient   : School academic response: path=/jsxsd/framework/main_index_loadkb.jsp, attempt=1, status=200, elapsedMs=218, bytes=5658
2026-10-01T23:54:18.009+08:00  INFO 32280 --- [nio-8082-exec-1] n.t.u.a.infrastructure.SchoolSsoClient   : School academic response: path=/jsxsd/framework/main_index_loadkb.jsp, attempt=1, status=200, elapsedMs=154, bytes=5658
2026-10-01T23:54:18.381+08:00  INFO 32280 --- [nio-8082-exec-5] n.t.u.a.infrastructure.SchoolSsoClient   : School academic response: path=/jsxsd/framework/main_index_loadkb.jsp, attempt=1, status=200, elapsedMs=245, bytes=8499
2026-10-01T23:54:21.878+08:00  INFO 32280 --- [nio-8082-exec-9] n.t.u.a.infrastructure.SchoolSsoClient   : School academic response: path=/jsxsd/framework/main_index_loadkb.jsp, attempt=1, status=200, elapsedMs=167, bytes=5658
2026-10-01T23:56:07.488+08:00  INFO 32280 --- [nio-8082-exec-4] n.t.u.a.infrastructure.SchoolSsoClient   : School academic response: path=/jsxsd/framework/main_index_loadkb.jsp, attempt=1, status=200, elapsedMs=82, bytes=5658
2026-10-01T23:56:07.640+08:00  INFO 32280 --- [nio-8082-exec-7] n.t.u.a.infrastructure.SchoolSsoClient   : School academic response: path=/jsxsd/framework/main_index_loadkb.jsp, attempt=1, status=200, elapsedMs=137, bytes=8499
2026-10-01T23:56:34.625+08:00  INFO 32280 --- [nio-8082-exec-6] n.t.u.a.infrastructure.SchoolSsoClient   : School academic response: path=/jsxsd/framework/main_index_loadkb.jsp, attempt=1, status=200, elapsedMs=52, bytes=5658
2026-10-01T23:56:34.763+08:00  INFO 32280 --- [nio-8082-exec-5] n.t.u.a.infrastructure.SchoolSsoClient   : School academic response: path=/jsxsd/framework/main_index_loadkb.jsp, attempt=1, status=200, elapsedMs=125, bytes=8499
2026-10-01T23:56:37.342+08:00  INFO 32280 --- [nio-8082-exec-9] n.t.u.a.infrastructure.SchoolSsoClient   : School academic response: path=/jsxsd/framework/main_index_loadkb.jsp, attempt=1, status=200, elapsedMs=49, bytes=5658
2026-10-01T23:56:38.646+08:00  INFO 32280 --- [nio-8082-exec-2] n.t.u.a.infrastructure.SchoolSsoClient   : School academic response: path=/jsxsd/framework/main_index_loadkb.jsp, attempt=1, status=200, elapsedMs=53, bytes=5658
2026-10-01T23:58:40.256+08:00  INFO 32280 --- [nio-8082-exec-5] n.t.u.a.infrastructure.SchoolSsoClient   : School academic response: path=/jsxsd/framework/main_index_loadkb.jsp, attempt=1, status=200, elapsedMs=316, bytes=5658
2026-10-01T23:58:42.465+08:00  INFO 32280 --- [nio-8082-exec-8] n.t.u.a.infrastructure.SchoolSsoClient   : School academic response: path=/jsxsd/framework/main_index_loadkb.jsp, attempt=1, status=200, elapsedMs=56, bytes=5658
2026-10-01T23:58:43.552+08:00  INFO 32280 --- [nio-8082-exec-3] n.t.u.a.infrastructure.SchoolSsoClient   : School academic response: path=/jsxsd/framework/main_index_loadkb.jsp, attempt=1, status=200, elapsedMs=38, bytes=5658
2026-10-01T23:58:43.689+08:00  INFO 32280 --- [nio-8082-exec-7] n.t.u.a.infrastructure.SchoolSsoClient   : School academic response: path=/jsxsd/framework/main_index_loadkb.jsp, attempt=1, status=200, elapsedMs=127, bytes=8499
2026-10-01T23:58:44.108+08:00  INFO 32280 --- [nio-8082-exec-9] n.t.u.a.infrastructure.SchoolSsoClient   : School academic response: path=/jsxsd/framework/main_index_loadkb.jsp, attempt=1, status=200, elapsedMs=3842, bytes=8499
2026-10-01T23:58:45.587+08:00  INFO 32280 --- [nio-8082-exec-6] n.t.u.a.infrastructure.SchoolSsoClient   : School academic response: path=/jsxsd/framework/main_index_loadkb.jsp, attempt=1, status=200, elapsedMs=291, bytes=5658
2026-10-01T23:58:49.536+08:00  INFO 32280 --- [nio-8082-exec-5] n.t.u.a.infrastructure.SchoolSsoClient   : School academic response: path=/jsxsd/framework/main_index_loadkb.jsp, attempt=1, status=200, elapsedMs=3839, bytes=8499
2026-10-01T23:59:01.824+08:00  INFO 32280 --- [nio-8082-exec-8] n.t.u.a.infrastructure.SchoolSsoClient   : School academic response: path=/jsxsd/framework/main_index_loadkb.jsp, attempt=1, status=200, elapsedMs=294, bytes=5658
2026-10-01T23:59:01.962+08:00  INFO 32280 --- [nio-8082-exec-3] n.t.u.a.infrastructure.SchoolSsoClient   : School academic response: path=/jsxsd/framework/main_index_loadkb.jsp, attempt=1, status=200, elapsedMs=37, bytes=5658
2026-10-01T23:59:05.682+08:00  INFO 32280 --- [nio-8082-exec-4] n.t.u.a.infrastructure.SchoolSsoClient   : School academic response: path=/jsxsd/framework/main_index_loadkb.jsp, attempt=1, status=200, elapsedMs=3843, bytes=8499
2026-10-01T23:59:11.819+08:00  INFO 32280 --- [nio-8082-exec-7] n.t.u.a.infrastructure.SchoolSsoClient   : School academic response: path=/jsxsd/framework/main_index_loadkb.jsp, attempt=1, status=200, elapsedMs=3959, bytes=8499
2026-10-01T23:59:41.325+08:00  INFO 32280 --- [nio-8082-exec-1] n.t.u.a.infrastructure.SchoolSsoClient   : School academic response: path=/jsxsd/framework/main_index_loadkb.jsp, attempt=1, status=200, elapsedMs=315, bytes=5658
2026-10-01T23:59:45.182+08:00  INFO 32280 --- [io-8082-exec-10] n.t.u.a.infrastructure.SchoolSsoClient   : School academic response: path=/jsxsd/framework/main_index_loadkb.jsp, attempt=1, status=200, elapsedMs=3841, bytes=8499
2026-10-02T00:00:10.097+08:00  INFO 32280 --- [nio-8082-exec-5] n.t.u.a.infrastructure.SchoolSsoClient   : School academic response: path=/jsxsd/framework/main_index_loadkb.jsp, attempt=1, status=200, elapsedMs=294, bytes=5658
2026-10-02T00:00:13.992+08:00  INFO 32280 --- [nio-8082-exec-8] n.t.u.a.infrastructure.SchoolSsoClient   : School academic response: path=/jsxsd/framework/main_index_loadkb.jsp, attempt=1, status=200, elapsedMs=3860, bytes=8499
2026-10-02T00:00:15.639+08:00  INFO 32280 --- [nio-8082-exec-3] n.t.u.a.infrastructure.SchoolSsoClient   : School academic response: path=/jsxsd/framework/main_index_loadkb.jsp, attempt=1, status=200, elapsedMs=301, bytes=5658
2026-10-02T00:00:16.375+08:00  INFO 32280 --- [nio-8082-exec-9] n.t.u.a.infrastructure.SchoolSsoClient   : School academic response: path=/jsxsd/framework/main_index_loadkb.jsp, attempt=1, status=200, elapsedMs=72, bytes=5658
2026-10-02T00:00:17.214+08:00  INFO 32280 --- [nio-8082-exec-1] n.t.u.a.infrastructure.SchoolSsoClient   : School academic response: path=/jsxsd/framework/main_index_loadkb.jsp, attempt=1, status=200, elapsedMs=39, bytes=5658
2026-10-02T00:00:17.366+08:00  INFO 32280 --- [io-8082-exec-10] n.t.u.a.infrastructure.SchoolSsoClient   : School academic response: path=/jsxsd/framework/main_index_loadkb.jsp, attempt=1, status=200, elapsedMs=137, bytes=8499
2026-10-02T00:00:19.497+08:00  INFO 32280 --- [nio-8082-exec-7] n.t.u.a.infrastructure.SchoolSsoClient   : School academic response: path=/jsxsd/framework/main_index_loadkb.jsp, attempt=1, status=200, elapsedMs=3846, bytes=8499
2026-10-02T00:00:28.697+08:00  INFO 32280 --- [nio-8082-exec-2] n.t.u.a.infrastructure.SchoolSsoClient   : School academic response: path=/jsxsd/framework/main_index_loadkb.jsp, attempt=1, status=200, elapsedMs=292, bytes=5658
2026-10-02T00:00:40.240+08:00  INFO 32280 --- [nio-8082-exec-5] n.t.u.a.infrastructure.SchoolSsoClient   : School academic response: path=/jsxsd/framework/main_index_loadkb.jsp, attempt=1, status=200, elapsedMs=3843, bytes=8499
2026-10-02T00:00:41.505+08:00  INFO 32280 --- [nio-8082-exec-8] n.t.u.a.infrastructure.SchoolSsoClient   : School academic response: path=/jsxsd/framework/main_index_loadkb.jsp, attempt=1, status=200, elapsedMs=299, bytes=5658
2026-10-02T00:00:42.060+08:00  INFO 32280 --- [nio-8082-exec-9] n.t.u.a.infrastructure.SchoolSsoClient   : School academic response: path=/jsxsd/kbcx/kbxx_teacher, attempt=1, status=200, elapsedMs=51, bytes=26074
2026-10-02T00:00:42.134+08:00  INFO 32280 --- [nio-8082-exec-6] n.t.u.a.infrastructure.SchoolSsoClient   : School academic response: path=/jsxsd/kbcx/kbxx_teacher_ifr, attempt=1, status=200, elapsedMs=48, bytes=6325
2026-10-02T00:00:42.173+08:00  INFO 32280 --- [nio-8082-exec-6] n.t.u.a.infrastructure.SchoolSsoClient   : School academic response: path=/jsxsd/kbcx/kbxx_teacher_ifr, attempt=1, status=200, elapsedMs=35, bytes=6325
2026-10-02T00:00:42.212+08:00  INFO 32280 --- [nio-8082-exec-6] n.t.u.a.infrastructure.SchoolSsoClient   : School academic response: path=/jsxsd/kbcx/kbxx_teacher_ifr, attempt=1, status=200, elapsedMs=38, bytes=6325
2026-10-02T00:00:42.273+08:00  INFO 32280 --- [nio-8082-exec-6] n.t.u.a.infrastructure.SchoolSsoClient   : School academic response: path=/jsxsd/kbcx/kbxx_teacher_ifr, attempt=1, status=200, elapsedMs=60, bytes=6325
2026-10-02T00:00:43.048+08:00  INFO 32280 --- [nio-8082-exec-1] n.t.u.a.infrastructure.SchoolSsoClient   : School academic response: path=/jsxsd/kbcx/kbxx_teacher_ifr, attempt=1, status=200, elapsedMs=76, bytes=12259
2026-10-02T00:00:45.365+08:00  INFO 32280 --- [nio-8082-exec-3] n.t.u.a.infrastructure.SchoolSsoClient   : School academic response: path=/jsxsd/framework/main_index_loadkb.jsp, attempt=1, status=200, elapsedMs=3850, bytes=8499
2026-10-02T00:00:54.903+08:00  INFO 32280 --- [io-8082-exec-10] n.t.u.a.infrastructure.SchoolSsoClient   : School academic response: path=/jsxsd/kbcx/kbxx_teacher_ifr, attempt=1, status=200, elapsedMs=864, bytes=12240
2026-10-02T00:00:57.315+08:00  INFO 32280 --- [nio-8082-exec-7] n.t.u.a.infrastructure.SchoolSsoClient   : School academic response: path=/jsxsd/framework/main_index_loadkb.jsp, attempt=1, status=200, elapsedMs=308, bytes=5658
2026-10-02T00:01:01.186+08:00  INFO 32280 --- [nio-8082-exec-5] n.t.u.a.infrastructure.SchoolSsoClient   : School academic response: path=/jsxsd/framework/main_index_loadkb.jsp, attempt=1, status=200, elapsedMs=3855, bytes=8499
2026-10-02T00:01:03.242+08:00  INFO 32280 --- [nio-8082-exec-4] n.t.u.a.infrastructure.SchoolSsoClient   : School academic response: path=/jsxsd/framework/main_index_loadkb.jsp, attempt=1, status=200, elapsedMs=54, bytes=5658
2026-10-02T00:01:03.373+08:00  INFO 32280 --- [nio-8082-exec-9] n.t.u.a.infrastructure.SchoolSsoClient   : School academic response: path=/jsxsd/framework/main_index_loadkb.jsp, attempt=1, status=200, elapsedMs=120, bytes=8499
2026-10-02T00:01:05.062+08:00  INFO 32280 --- [nio-8082-exec-6] n.t.u.a.infrastructure.SchoolSsoClient   : School academic response: path=/jsxsd/framework/main_index_loadkb.jsp, attempt=1, status=200, elapsedMs=290, bytes=5658
2026-10-02T00:01:08.931+08:00  INFO 32280 --- [nio-8082-exec-3] n.t.u.a.infrastructure.SchoolSsoClient   : School academic response: path=/jsxsd/framework/main_index_loadkb.jsp, attempt=1, status=200, elapsedMs=3854, bytes=8499
2026-10-02T00:01:23.318+08:00  INFO 32280 --- [nio-8082-exec-8] n.t.u.a.infrastructure.SchoolSsoClient   : School academic response: path=/jsxsd/framework/main_index_loadkb.jsp, attempt=1, status=200, elapsedMs=293, bytes=5658
2026-10-02T00:01:25.321+08:00  INFO 32280 --- [nio-8082-exec-6] n.t.u.a.infrastructure.SchoolSsoClient   : School academic response: path=/jsxsd/framework/main_index_loadkb.jsp, attempt=1, status=200, elapsedMs=51, bytes=5658
2026-10-02T00:01:27.202+08:00  INFO 32280 --- [nio-8082-exec-9] n.t.u.a.infrastructure.SchoolSsoClient   : School academic response: path=/jsxsd/framework/main_index_loadkb.jsp, attempt=1, status=200, elapsedMs=3856, bytes=8499
2026-10-02T00:01:27.535+08:00  INFO 32280 --- [io-8082-exec-10] n.t.u.a.infrastructure.SchoolSsoClient   : School academic response: path=/jsxsd/framework/main_index_loadkb.jsp, attempt=1, status=200, elapsedMs=290, bytes=5658
2026-10-02T00:01:27.720+08:00  INFO 32280 --- [nio-8082-exec-5] n.t.u.a.infrastructure.SchoolSsoClient   : School academic response: path=/jsxsd/framework/main_index_loadkb.jsp, attempt=1, status=200, elapsedMs=38, bytes=5658
2026-10-02T00:01:28.162+08:00  INFO 32280 --- [nio-8082-exec-4] n.t.u.a.infrastructure.SchoolSsoClient   : School academic response: path=/jsxsd/framework/main_index_loadkb.jsp, attempt=1, status=200, elapsedMs=41, bytes=5658
2026-10-02T00:01:28.298+08:00  INFO 32280 --- [nio-8082-exec-1] n.t.u.a.infrastructure.SchoolSsoClient   : School academic response: path=/jsxsd/framework/main_index_loadkb.jsp, attempt=1, status=200, elapsedMs=123, bytes=8499
2026-10-02T00:01:30.348+08:00  INFO 32280 --- [nio-8082-exec-3] n.t.u.a.infrastructure.SchoolSsoClient   : School academic response: path=/jsxsd/kbcx/kbxx_xzb, attempt=1, status=200, elapsedMs=40, bytes=20102
2026-10-02T00:01:31.386+08:00  INFO 32280 --- [nio-8082-exec-7] n.t.u.a.infrastructure.SchoolSsoClient   : School academic response: path=/jsxsd/framework/main_index_loadkb.jsp, attempt=1, status=200, elapsedMs=3842, bytes=8499
2026-10-02T00:01:31.975+08:00  INFO 32280 --- [nio-8082-exec-2] n.t.u.a.infrastructure.SchoolSsoClient   : School academic response: path=/jsxsd/framework/main_index_loadkb.jsp, attempt=1, status=200, elapsedMs=53, bytes=5658
2026-10-02T00:01:35.349+08:00  INFO 32280 --- [nio-8082-exec-9] n.t.u.a.infrastructure.SchoolSsoClient   : School academic response: path=/jsxsd/kbcx/kbxx_xzb_ifr, attempt=1, status=200, elapsedMs=3426, bytes=24383
2026-10-02T00:01:42.951+08:00  INFO 32280 --- [io-8082-exec-10] n.t.u.a.infrastructure.SchoolSsoClient   : School academic response: path=/jsxsd/framework/main_index_loadkb.jsp, attempt=1, status=200, elapsedMs=3872, bytes=8499
2026-10-02T00:01:50.954+08:00  INFO 32280 --- [nio-8082-exec-5] n.t.u.a.infrastructure.SchoolSsoClient   : School academic response: path=/jsxsd/framework/main_index_loadkb.jsp, attempt=1, status=200, elapsedMs=292, bytes=5658
2026-10-02T00:01:55.668+08:00  INFO 32280 --- [nio-8082-exec-8] n.t.u.a.infrastructure.SchoolSsoClient   : School academic response: path=/jsxsd/framework/main_index_loadkb.jsp, attempt=1, status=200, elapsedMs=3851, bytes=8499
2026-10-02T00:02:04.705+08:00  INFO 32280 --- [nio-8082-exec-4] n.t.u.a.infrastructure.SchoolSsoClient   : School academic response: path=/jsxsd/framework/main_index_loadkb.jsp, attempt=1, status=200, elapsedMs=304, bytes=5658
2026-10-02T00:02:08.571+08:00  INFO 32280 --- [nio-8082-exec-6] n.t.u.a.infrastructure.SchoolSsoClient   : School academic response: path=/jsxsd/framework/main_index_loadkb.jsp, attempt=1, status=200, elapsedMs=3849, bytes=8499
2026-10-02T00:02:22.221+08:00  INFO 32280 --- [nio-8082-exec-7] n.t.u.a.infrastructure.SchoolSsoClient   : School academic response: path=/jsxsd/framework/main_index_loadkb.jsp, attempt=1, status=200, elapsedMs=290, bytes=5658
2026-10-02T00:02:23.126+08:00  INFO 32280 --- [nio-8082-exec-9] n.t.u.a.infrastructure.SchoolSsoClient   : School academic response: path=/jsxsd/framework/main_index_loadkb.jsp, attempt=1, status=200, elapsedMs=289, bytes=5658
2026-10-02T00:06:30.169+08:00  INFO 32280 --- [nio-8082-exec-2] n.t.u.a.infrastructure.SchoolSsoClient   : School academic response: path=/jsxsd/framework/main_index_loadkb.jsp, attempt=1, status=200, elapsedMs=290, bytes=5658
2026-10-02T00:06:34.023+08:00  INFO 32280 --- [io-8082-exec-10] n.t.u.a.infrastructure.SchoolSsoClient   : School academic response: path=/jsxsd/framework/main_index_loadkb.jsp, attempt=1, status=200, elapsedMs=3840, bytes=8499
2026-10-02T10:22:37.704+08:00  INFO 32280 --- [nio-8082-exec-3] n.t.u.a.infrastructure.SchoolSsoClient   : School academic response: path=/jsxsd/framework/main_index_loadkb.jsp, attempt=1, status=200, elapsedMs=48, bytes=5658
2026-10-02T10:22:37.846+08:00  INFO 32280 --- [nio-8082-exec-9] n.t.u.a.infrastructure.SchoolSsoClient   : School academic response: path=/jsxsd/framework/main_index_loadkb.jsp, attempt=1, status=200, elapsedMs=128, bytes=8499
2026-10-02T10:22:41.155+08:00  INFO 32280 --- [nio-8082-exec-2] n.t.u.a.infrastructure.SchoolSsoClient   : School academic response: path=/jsxsd/framework/main_index_loadkb.jsp, attempt=1, status=200, elapsedMs=42, bytes=5658
2026-10-02T10:22:50.793+08:00  INFO 32280 --- [nio-8082-exec-8] n.t.u.a.infrastructure.SchoolSsoClient   : School academic response: path=/jsxsd/framework/main_index_loadkb.jsp, attempt=1, status=200, elapsedMs=48, bytes=5658
2026-10-02T10:22:51.506+08:00  INFO 32280 --- [nio-8082-exec-1] n.t.u.a.infrastructure.SchoolSsoClient   : School academic response: path=/jsxsd/framework/main_index_loadkb.jsp, attempt=1, status=200, elapsedMs=40, bytes=5658
2026-10-02T10:22:51.644+08:00  INFO 32280 --- [nio-8082-exec-6] n.t.u.a.infrastructure.SchoolSsoClient   : School academic response: path=/jsxsd/framework/main_index_loadkb.jsp, attempt=1, status=200, elapsedMs=124, bytes=8499
2026-10-02T10:22:58.046+08:00  INFO 32280 --- [nio-8082-exec-7] n.t.u.a.infrastructure.SchoolSsoClient   : School academic response: path=/jsxsd/framework/main_index_loadkb.jsp, attempt=1, status=200, elapsedMs=47, bytes=5658
2026-10-02T10:22:58.188+08:00  INFO 32280 --- [nio-8082-exec-9] n.t.u.a.infrastructure.SchoolSsoClient   : School academic response: path=/jsxsd/framework/main_index_loadkb.jsp, attempt=1, status=200, elapsedMs=128, bytes=8499
2026-10-02T10:22:59.261+08:00  INFO 32280 --- [nio-8082-exec-2] n.t.u.a.infrastructure.SchoolSsoClient   : School academic response: path=/jsxsd/framework/main_index_loadkb.jsp, attempt=1, status=200, elapsedMs=40, bytes=5658
2026-10-02T10:22:59.393+08:00  INFO 32280 --- [io-8082-exec-10] n.t.u.a.infrastructure.SchoolSsoClient   : School academic response: path=/jsxsd/framework/main_index_loadkb.jsp, attempt=1, status=200, elapsedMs=119, bytes=8499
2026-10-02T10:23:05.113+08:00  INFO 32280 --- [nio-8082-exec-8] n.t.u.a.infrastructure.SchoolSsoClient   : School academic response: path=/jsxsd/framework/main_index_loadkb.jsp, attempt=1, status=200, elapsedMs=47, bytes=5658
2026-10-02T10:23:05.249+08:00  INFO 32280 --- [nio-8082-exec-1] n.t.u.a.infrastructure.SchoolSsoClient   : School academic response: path=/jsxsd/framework/main_index_loadkb.jsp, attempt=1, status=200, elapsedMs=125, bytes=8499
2026-10-02T10:23:22.989+08:00  INFO 32280 --- [nio-8082-exec-6] n.t.u.a.infrastructure.SchoolSsoClient   : School academic response: path=/jsxsd/framework/main_index_loadkb.jsp, attempt=1, status=200, elapsedMs=57, bytes=5658
2026-10-02T10:23:23.131+08:00  INFO 32280 --- [nio-8082-exec-7] n.t.u.a.infrastructure.SchoolSsoClient   : School academic response: path=/jsxsd/framework/main_index_loadkb.jsp, attempt=1, status=200, elapsedMs=130, bytes=8499
